Date,LT,ICICIBANK,EICHERMOT,HDFC,WIPRO,SUNPHARMA,ITC,VIDEOIND,HINDZINC,TCS
2017-09-14,,,,,,,,,,
2017-09-15,-0.001483557512685512,-0.007175838070071202,-0.0017870204675555453,-0.0016098287738431872,0.008081561904607293,-0.0006673340254329604,-0.009976066478444057,-0.04826674096983463,-0.0019701204861885947,0.007650748314218312
2017-09-18,0.020854919523154866,0.004789608882564072,0.02341013489326165,0.0015816084862766608,0.012346909307169479,-0.006218033140050577,-0.008577341417303755,-0.005509655810969473,0.021621585197071535,-0.0027971487339007624
2017-09-19,-0.00978151760585432,0.005615602266854875,-0.0111141153898288,-0.010867359068615193,-0.00017284590830344193,-0.010126912991192033,0.0031784639267198526,-0.013908430046132,-0.008073675375533673,-0.0003201728960975803
2017-09-20,0.008164637024006256,-0.014012532762807697,0.0012197859716549483,0.008267679738487724,0.009119911786283071,-0.020171054986718166,0.013719162153884855,0.0,-0.011577789335349163,-0.0018830888212103766
2017-09-21,-0.00641235963438791,-0.019461952240106068,-0.019269966004482858,0.012065111551842709,0.0,0.02760746957390451,-0.007392382583176555,-0.011267724846342494,-0.003285693772460911,0.012494060044118342
2017-09-22,-0.035853561536977795,-0.027935274412075696,-0.007718806412026106,-0.0042862611321697235,0.008697931530510733,-0.011224113963348518,-0.004089225029099286,-0.020029281875572416,-0.036702904747676644,-0.008471761914260252
2017-09-25,-0.016681237868309367,0.00862384072622094,-0.019174349359260056,-0.014649583257287895,-0.008697931530510739,-0.015493543895313194,-0.023366429592171917,-0.02043866767727407,0.0006825938831590231,0.0028518172229020414
2017-09-26,-0.0019758607862819357,0.011560822401076006,-0.004937954056259505,-0.007894100428607552,-0.00566865728206806,0.0032558856644636725,0.0007623404219022412,-0.023881732003387245,0.023435279718675116,-0.014482541411994237
2017-09-27,-0.0223477845221529,-0.02271402310271508,-0.011649882277945897,-0.012656933688097753,-0.006741015933644384,-0.02574221760656981,-0.015164893749824947,-0.027566829832654592,-0.02343527971867509,0.00818975732416493
2017-09-28,-0.00339125206647929,-0.0016294020080045368,-0.009397418775395208,0.014435681001244056,-0.008359505316090523,0.009055298821554968,0.011729775868136196,-0.00936044275956392,-0.005645383225288034,-0.007462646145112479
2017-09-29,0.007647044384277332,0.002352729345147716,0.03349254800037834,-0.0012620107798591818,-0.019960037375996758,0.008080247464683023,-0.012503769714825282,0.02476906811240895,0.01515309491460511,-0.01648925887292895
2017-10-03,-0.006280351787549528,0.006486509229606632,-0.002116721925151859,0.011102504341112712,0.009588141636263432,-0.0011929616684718334,0.011930101088326595,-0.003062789530545767,0.05761829831381365,0.005118347100575888
2017-10-04,0.002991380024077691,-0.00829580952415564,-0.008469886316035256,0.0036830367156282713,-0.0007070885923029167,0.029888070578416623,0.022693863477721277,-0.024845998586530776,-0.0044764263399254545,-0.002514953020111897
2017-10-05,-0.005505772932183835,-0.015696617219065394,-0.00310993824858136,-0.009318778726441972,0.003001679661742763,-0.007948088754062568,-0.008072887173750234,-0.04831857727080768,0.004635928692923309,-0.005213583516502877
2017-10-06,0.008575816131171664,0.0005517241519262519,0.02414530296163158,-0.006701631749026938,0.010522720736099136,0.03142020917914217,0.003387282124673845,0.04831857727080773,0.0172349906149888,0.00699310719661012
2017-10-09,-0.0007447158377256808,-0.000735699867650932,0.010502293950160863,0.005559231441999485,0.0006975933313937793,0.0022607394707878366,0.006926920892090444,0.04609110720026688,-0.007553143697828668,0.003040353308708296
2017-10-10,0.0015326344602351052,-0.007201582227663295,-0.010375483533149288,-0.0028330657533130925,0.0006971070341557344,-0.007935050137415547,-0.006739074549845518,0.04692943222198336,-0.010000877068215182,0.0020963301560099146
2017-10-11,-0.00777496174637272,-0.008187615519582041,-0.009616500072161764,0.0034329886383660927,0.01263757838773835,-0.0021837179340007846,-0.0030097840629042037,-0.046929432221983355,-0.013007007944922482,0.01657429666433938
2017-10-12,0.008605980667073411,-0.0001868634967597651,0.002962647902322076,0.002737930581242488,0.009587472856983952,0.02533919355544575,0.006010536502142543,0.005988041844622693,0.017305350947458744,0.018956505490073862
2017-10-13,-0.004381551942481714,0.013918754907572481,0.002018006525256735,0.006189684724715262,-0.005295989144274476,-0.009029616855056629,-0.0039403372119229405,-0.024170360927812953,0.01732326785238706,0.004073006335654126
2017-10-16,0.005299243793543748,0.010814879490453521,0.010792132519085772,-0.0020117025498869166,-0.004119470295238837,0.024478199954715264,0.00581124514773464,-0.015408625352845068,-0.0012498048806969743,0.010033138801075817
2017-10-17,0.003531800745466178,-0.0012770228863072134,0.003885014268830642,-0.0017884268034567825,-0.002928259779088223,-0.0013696756010605144,-0.000935016430906643,-0.0031104224143925024,0.02134321660818462,0.003919718474031745
2017-10-18,-0.006418815567288981,-0.040038864469244456,-0.010796060044805262,-0.004670643298407452,0.01676399163173838,-0.012874924949825537,0.011532865922859297,-0.015698909543103753,-0.010924025857391094,-0.0030688191768982157
2017-10-19,-0.0014466390090569605,-0.02034619130281982,-0.0010236398189845469,-0.0033168474636888563,-0.009202518931161894,-0.008271807004828829,-0.0025925940447780274,0.009448889197932289,-0.003719781102532012,-0.0010443865179061624
2017-10-23,-0.0035157144540381084,0.018063519586900317,-0.010159695048666392,-0.013465595675991388,0.016470361283395706,0.008641971732357433,-0.009688914997456626,-0.012618463959211462,-0.010929070532190317,0.0015468505346619666
2017-10-24,0.0059693808473942015,0.015120303184901691,0.009975487363509141,-5.806020845251658e-05,-0.0003368704764886248,-0.01088433462653489,-0.00018724838552987017,0.0,-0.01057375905309898,-0.0036776844966714237
2017-10-25,0.05255283954344074,0.13704238562801876,0.00737665074391033,-0.026266602215541106,0.007050557996666762,-0.021365910133399668,0.00839165763624838,0.00632913505164753,0.01214238682572556,-0.007200856290579204
2017-10-26,0.015900157852378846,-0.02132488445870624,-0.0031215510880612135,0.008724090940261687,0.011310832495520206,0.013100624045698056,-0.0031619109389712965,-0.0095087879690273,-0.005816254704938474,-0.00825697262848041
2017-10-27,0.0009394849862839672,0.00632913505164753,0.006123372220876675,0.003951175748410961,-0.017856127323543195,0.03657645814196189,0.0035332440290163115,0.0031796529173798056,-0.0036326344929939326,0.017743455652556056
2017-10-30,0.009993583334684785,-0.001994350004558923,0.017428786459821703,0.0039649375701768805,-0.012538286928284277,0.005802373486863372,-0.01571594554340398,0.009478743954543739,0.005837359795505796,0.012268205019402114
2017-10-31,-0.011914342420478199,-0.0014983770388495652,-0.004261322812819571,0.0009375366911970605,0.0027243333723802423,-0.00036166365674518056,0.002072149182628769,0.0031397200046676247,-0.008213598537388856,0.0029769878098529516
2017-11-01,-0.005743369906462529,0.04336457747559892,-0.04128306157928643,0.02709817135893287,-0.001701838395770044,-0.007625309278957458,0.015498396298884045,0.02476906811240895,0.029227680235462013,-0.008092872546211159
2017-11-02,-0.003585784367620251,0.010316733040518921,0.006785891076470012,0.004521484718846057,-0.0010224949766101314,0.026526754333428604,-0.015686596167699733,-0.006134988567515944,-0.00881880860425485,0.00891189681035036
2017-11-03,0.01966579455294324,-0.002371355154399752,0.0030364509386353496,0.00794114755185518,0.004423280434111563,-0.021890171637302648,-0.0009415309988450712,0.00918842605440617,0.0017079423451561158,-0.002306410362422324
2017-11-06,-0.008375054034835825,0.0006329114135327706,-0.0047093115420809,0.007794796230998436,0.01783358164682251,-0.018399530464422695,-0.001885725620083105,-0.02469261259037141,0.004488824192355355,0.01719793032790172
2017-11-07,-0.011208164134906207,-0.011614162846481448,0.0022972561919678016,-0.014374975016828377,0.00797213988038317,-0.025450475453473457,0.0015088648656700488,-0.0317486983145803,-0.01587829125344447,0.01655666959444761
2017-11-08,0.005886607510048799,-0.022494677763440652,0.0011370353152641316,-0.009794788024675094,0.0004961548104759053,0.019148322991604655,0.0003768607544130919,-0.029462032730316105,-0.01996896782072404,0.009164350968035638
2017-11-09,-0.0018898161000116304,0.018807298835912416,-0.011023728605862764,-0.012437899669886837,0.0003306331655182932,-0.007278188328623688,-0.020364201679025515,-0.0133781259461762,0.007018692076459778,0.0005117520307613545
2017-11-10,0.039548052386387575,0.022865397564655613,-0.009825019857340071,-0.009518752646092352,0.0004957448667999416,-0.011396403070436597,0.006324889317018503,-0.048285241159462,-0.006058692002731867,-0.01015591403627413
2017-11-13,-0.01947776604108933,-0.013433627541861266,0.0010615720931669936,-0.023197679083454072,-0.013472137232606084,0.008864637453470658,-0.013077109434305331,-0.050735518041398656,-0.0070614962024051296,0.018362898694347467
2017-11-14,-0.024769194459449848,-0.00047744092575581823,-0.016302330676732375,-0.0053426305909306405,-0.00033495227243334093,-0.012280524634877926,-0.006798122713820985,0.04719569133627453,-0.0017731930171992684,-0.016205559681051588
2017-11-15,-0.0005785841381392345,0.004447275436666854,0.013002697519943266,-0.006340026671148382,-0.006722714394876589,-0.041531145569428295,-0.01274902038034429,0.04845238338594696,-0.04453977137177068,-0.0034318010027391366
2017-11-16,0.008069872516137142,0.010875668706696335,-0.0027676302046980906,0.008144104374963324,0.0038710811616189666,0.007698419386736818,0.007081068140136111,-0.01018684530699313,0.018054652911816925,0.015169175394706982
2017-11-17,0.0028663874504604447,0.019098476621895552,0.010092293452303155,0.024393624749914137,-0.008434597912700742,0.016672740330570545,0.011303959773851726,-0.027683428748416856,0.029867581216149682,-0.014430158991860224
2017-11-20,0.005708243502689913,-0.020353378747362462,-0.002208742461334924,-0.009603278798911853,-0.002714166212427869,9.668842163672696e-05,0.00464037955650208,-0.03571808260207923,0.012940511275734732,-0.0014230931570485238
2017-11-21,-0.005830920310793099,0.004228998392975039,-0.0071781868236521365,0.0031326679873175996,-0.0011897681355887957,0.03961852482258856,-0.013204075333377203,-0.0370412716803491,0.006802209254273102,-0.01134600371721738
2017-11-22,4.089394156820639e-05,-0.003130872939460369,-0.007998557464167702,0.013860418512268912,0.0010198879007456026,-0.005217565176608971,0.009144922180915576,-0.05030073847479889,-0.010937732883273606,0.002876571021209517
2017-11-23,-0.005535863890470154,0.001723193032340484,0.014531947894622255,-0.0079176514711777,-0.0025516727292321587,0.017593046354937074,0.0,-0.032260862218221435,-0.0003188267203796198,0.00022380126541121068
2017-11-24,0.002094929805586732,-0.007068277287659325,0.0062638263283568574,0.0037767380538192437,-0.0028997888123548582,0.008681800018946749,0.010021282555223802,0.04800921918636066,-0.015100688551716908,0.0025329199841893817
2017-11-27,0.005116147453423223,-0.0006307158834123232,-0.0018402407088427615,-2.9222249823033885e-05,0.0071489666173413895,0.0037237225717146666,-0.0057692467712450925,0.0458095360312942,-0.011886486933721867,-0.0008187722595897332
2017-11-28,-0.010712409281207282,-0.01205980976063257,-0.007151016119957928,0.008438868645864604,0.00016959213133172605,-0.015346971535630825,-0.008716762214416942,0.04736768882288906,-0.010373024598187633,-0.00020479785592365175
2017-11-29,0.005062676739088271,0.00525437081810386,-0.010412097330617417,-0.012450410854034866,0.0128055667318018,0.007246076190020465,0.004077279699516343,0.04862068700607391,0.004623522106926557,-0.010162061455539335
2017-11-30,-0.001068025076875869,-0.023458659280374407,-0.00918158909315327,-0.016835464277344857,-0.02286104131824589,-0.013155058391011453,-0.007780626686176832,0.039872391247377355,-0.013601138514025097,-0.007988484736176929
2017-12-01,-0.004035916852966395,-0.007506562663563255,-0.022393506462366885,-0.010136539034452304,-0.008601463662685577,-0.0262703914934856,-0.003325186437924545,0.04770379795721117,-0.009396042281696122,-0.0026770727690397338
2017-12-04,0.00481650891002221,-0.003281381123177534,0.0041833828443193855,0.012937410923000787,0.001898680125066159,-0.009936071044201881,-0.0003919263228690927,0.048494349938610355,0.010397544618785599,0.0009121487434784187
2017-12-05,-0.0062618644093125776,0.0032813811231775813,-0.016282878071648448,-0.0005357302428795608,-0.022672753552136916,0.004598149685974987,-0.0049120837543623385,0.04625101765075569,-0.012760414916453607,0.0012149055196944481
2017-12-06,-0.015534535579020351,-0.01901669543531001,-0.02701323545670892,-0.018691009587685065,-0.003357190183817028,-0.022813942575034392,-0.008903016567117847,0.04690514947366085,-0.03455436169618351,-0.0008540763683806052
2017-12-07,0.02253534661254018,0.02081687593945798,0.022915500792954385,0.0043281594223403275,-0.004612390649985886,-0.0019575224025144295,0.006931407095633258,0.047377281011011116,0.005407775934944195,-0.006113664279574779
2017-12-08,0.0015991802485483546,0.01605743689585847,0.006554201816177426,0.016414926009248324,0.006027318371011619,0.022283425416553343,0.03433563940768059,0.04768783078571534,0.0163923953555215,-0.006035946469106111
2017-12-11,0.0012284007768578447,0.002250081309334086,0.008513670381638886,0.015915924406882286,0.022716335889862074,0.014741814356737784,0.015328145694035435,-0.05026183478088831,0.005291469204128484,0.02265136939842242
2017-12-12,-0.01563079560633126,-0.01243857406866553,-0.02244826231417844,0.0004969670496200948,-0.0055440197441159285,-0.016659912192340687,-0.017810247207014775,-0.05020869558274619,-0.011299555253933394,-0.018565934122535276
2017-12-13,-0.01141245168763609,-0.015232462240490997,0.00427775299525891,-0.00827590930385971,-0.002086957279198436,-0.007709395415964004,-0.009797408117082353,-0.050010420574661305,-0.005524875931969692,0.006201659017467466
2017-12-14,-0.0003784613488961382,0.004610579548935514,0.0006073795934892669,0.004586624529063859,0.004862809165701528,-0.004751524091084216,0.020067563050809173,-0.049645230489165484,0.0065574005461590396,-0.02722778202449309
2017-12-15,0.01233112788895585,-0.003950622422193876,0.025423322152187386,0.010795144949971767,0.003804258435534043,0.0076495168457116165,0.0013236269305083458,-0.039699869846684464,0.006343784669414894,-0.004781135415697319
2017-12-18,0.011852541240614316,0.01878986740679628,0.014504843604654316,-0.0017717369104066581,0.020837645501394792,0.021848887068848126,-0.005305052229693341,0.048641807222345866,0.016946685856615955,0.013616800005259498
2017-12-19,0.0016408240616270428,0.015419515272096496,0.030099707377092166,-0.006299049727450916,-0.011560822401076084,-0.004350711487747643,0.003981425299184822,0.023461486678997966,0.014347927151574173,-0.002017146422739743
2017-12-20,0.010275738762153274,0.006671986624909274,-0.021272008748093627,-0.00908068599299644,0.013924490562156742,-0.00047404599133753336,-0.0036015582480832613,-0.02941388520629334,0.007755174582757103,0.005286355923147803
2017-12-21,0.02111425927340669,-0.0011089110047233515,0.002446085581420553,0.004829789103555615,0.00420698979762938,0.0018001805041478473,-0.0009499383254474926,0.04665569164079942,-0.0024685275433282737,0.002603841653243669
2017-12-22,0.005821913907586926,0.0036389566300934037,7.438108740325024e-05,0.00436790727424574,0.012847427898391673,0.005192854986822755,0.00019005986943085122,-0.005714301263438776,0.013908430046131931,0.019476242481055728
2017-12-26,0.002799851977907071,0.004883822231889145,1.322272523685961e-05,0.0022497854663387665,0.0043010818993904805,0.019305798953077404,0.003982935564077633,-0.014430264829028783,-0.0022775347407989967,0.0010195990460730683
2017-12-27,-0.00937673780858514,-0.016958961007645067,-0.002001926488143421,-0.0030984211160699675,0.012141248404522277,0.06265470463968838,-0.007600264591783091,0.04546237407675741,-0.011630895305333063,-0.011215922181765127
2017-12-28,-0.004062779427326566,0.007960557879859186,-0.011935546559223534,-0.006903568787957672,0.004555816535860661,-0.013802962219675042,-0.001145038293044893,0.048790164169431834,0.02602195941829044,0.0026873282989861914
2017-12-29,0.004380731816635338,-0.004131580642761796,0.016898262112849817,0.008366284433592608,0.020089064496782404,0.004826475957010599,0.0053323302885881895,0.04145671367834613,-0.008383089558246229,0.02787264131390366
2018-01-01,0.001945255580754268,-0.011853414453918791,-0.014865632188699076,-0.01570381254620713,0.007292359519778836,0.005064628359864904,-0.00361526414125682,0.04224230519830075,0.0003237293650802863,-0.020798236033103813
2018-01-02,-0.008723590943543982,-0.0019354844751774372,-0.041772845328584864,0.01151474192920386,0.006769014433155112,-0.0033153057760971867,-0.0059267929919461625,0.04751487560751312,0.0014554866319771672,-0.005457866792735879
2018-01-03,0.020237913739174336,0.016968551846476086,0.0050170151071911835,-0.0014394620660940368,-0.027839227275362366,-0.005432891035824947,0.0015328610014257585,0.04757408972848341,0.00836824967051658,0.0028274068381769603
2018-01-04,0.03118739833893837,-0.0009528347552719656,-0.008490059727868681,0.0014101059915863894,0.00546976910693124,0.021126627968229273,0.0015305149343124748,0.047525141862845274,0.018576385572935457,0.006967879770622778
2018-01-05,-0.0006082262789193442,-0.005736153395524746,0.023051563228027698,0.01283415119441832,-0.006761133289618303,-0.004224326295684109,0.005148261919215308,0.04738270440155241,-0.012823733083485597,0.0120084491112346
2018-01-08,0.017602173180617405,0.003986928174119633,-0.0013553662247633572,0.009087955455160428,0.005155481049985723,0.02196012543620101,0.01021768586644337,0.04716001565673807,0.0132955424812445,0.009327182875138881
2018-01-09,-0.004118313570620245,-0.004946160861579659,-0.020779595431595462,-0.0033947098193283214,0.01925737874546605,-0.008658062743114654,0.018465506486465524,0.019011979488572,-0.003465116083301828,-0.001991371384925287
2018-01-10,-0.006775858787254142,-0.0019212301778939326,-0.017619464372071427,-0.004968954323187066,0.02950982884633146,-0.002389895299339716,-0.004259660112480816,-0.05020359196657908,0.008171007120714604,0.035394223231940296
2018-01-11,-0.00015109734475168891,-0.008045095684831534,0.012281247067698684,0.008593397365821213,-0.01728971751155613,0.004859137475234387,0.0014836797973919443,-0.05077232537342326,0.0006257822482061452,-0.005752995088547102
2018-01-12,0.0042221195905566365,0.02614944915081974,0.007182865641202569,0.01119276168241773,-0.007188654179408299,-0.00768315201730842,-0.008374479016341895,0.04879016416943205,0.0133604597265337,-0.005083675857652935
2018-01-15,-0.00241045651720347,0.03586164810684823,-0.023601139597571565,0.060726500135397134,-0.011991308090426924,-0.012070152573153718,0.00018686349675987144,-0.005970166986503796,-0.006036702799429673,-0.010955392100015232
2018-01-16,0.00018852629054943675,0.014471159980392346,-0.0032323506335605206,-0.013585886164458884,0.05241171633953524,0.0021660971082572674,-0.02229451871797337,-0.05118824685344478,-0.020706622176081345,0.03743547213952904
2018-01-17,0.020265290188004898,0.027018695285369484,0.011820706641354754,0.006694947124347105,-0.019007642882980503,0.010418106195887095,0.01648545150627811,-0.0126851595273158,0.024116420892085884,0.013275918879464913
2018-01-18,0.005489761958879681,0.008413162475953893,-0.009557322346776536,0.020479258521338143,-0.0010751863411945781,-0.012150608361740086,0.027251663247470793,-0.04126535520142593,-0.04704327681679963,0.010073873540107829
2018-01-19,0.007795812196893423,0.021294123639454078,0.0019673420522575958,0.002343308822306883,0.011004237591013778,-0.008008399346883879,0.0041974694350326485,-0.036121308413994295,-0.029459877520743572,0.01398576603435917
2018-01-22,0.019781896196061705,-0.005956619512768865,-0.012923458565762718,-0.015504186535965199,-0.022752710951134642,0.00705424218554033,-0.0032834761349546226,-0.049480057263369695,-0.023319745482326428,0.05172573559242205
2018-01-23,0.008435564605849752,0.030262886650312033,-0.021146215529784018,0.006734749212005416,-0.0197870777358432,0.005538741983047911,0.010722501640730811,-0.03941396854087674,0.01425928081561742,-0.00463142472021902
2018-01-24,-0.006757022757124853,-0.026713007168108212,-0.02495487166213511,0.013989189762057038,-0.004132237284910495,0.01235113050865779,0.017382392679377592,-0.03580945269671078,-0.012209749782213924,0.02313457540165689
2018-01-25,0.01086002794723956,0.022564197455545307,0.004359133150128126,-0.0015185236587316074,-0.006390819003323078,-0.011488466549016989,-0.0007108583914056146,-0.010471299867295366,0.01859418007056324,-0.017012156489440496
2018-01-29,0.010848111439317673,-0.008768933634075814,0.03462258752321337,0.030601732568316536,-0.002567807541568559,0.013872460866712627,-0.0201120084829374,-0.02937460867990436,0.0185835777737129,0.024621886548446614
2018-01-30,-0.0014326399710873,-0.012378832989755974,-0.028232645316514603,-0.015416043693682659,-0.012450641878787768,0.006780261588220545,-0.0016338389765039696,-0.02747425555224835,0.021950316297993683,-0.014484564523048563
2018-01-31,-0.009415471468230366,-0.0008496177231556403,0.008736742570584034,0.00965645183976417,-0.008496783144775682,-0.020566496975250405,-0.013904358658419911,0.030180617149991238,-0.0020928929799915023,-0.012928737833528898
2018-02-01,0.027229146467433508,-0.01930976109937227,0.04089092794782481,0.0057341798619980865,-0.013048331136875042,-0.0451496184566359,0.014267664747793063,-0.016349138001529526,-0.007440991951664396,0.008398772764050667
2018-02-02,-0.02797068501727675,-0.03258764799884411,-0.008435560081716491,-0.03291096219398514,-0.0004988775359140897,-0.005608336726310046,0.00018160355992901455,-0.05071509257901634,-0.04516789665878177,0.00478367156413981
2018-02-05,-0.03728257348475096,-0.016245844665579472,-0.009893539923083228,-0.04320268326131406,-0.0061733740731538,0.011275093514131612,0.01406442224081947,-0.02635584470536243,-0.004767589483472898,-0.016126675043002782
2018-02-06,-0.007803624833001359,0.0030284699100617913,0.0014986250291945094,-0.01924227756188436,-0.013818891961798157,-0.010187151430394935,-0.02080581608727415,-0.02402517958698999,-0.033495539154326695,-0.034738635537994354
2018-02-07,-0.014366779787012524,0.0055786047426831,0.015513976456951684,-0.0018187164878319363,-0.018151183264074378,-0.0041768879395095585,0.006014781643731731,0.047486666265987874,0.0195742006357186,-0.014179630416940736
2018-02-08,0.010182285910596438,0.003901565573447763,0.006673398609379354,0.014706351810938597,0.001554001866734099,0.06106342720258775,-0.0038234001970275018,0.04809979479441138,-0.005553641486945571,0.0064595240837609525
2018-02-09,-0.013561936142111645,-0.021496437799546606,-0.016089089853408674,-0.021619598768992256,-0.01670184961793147,-0.0023997268972351794,-0.010083502799326268,0.04852704089466038,0.0550193755911992,-0.000840915638446833
2018-02-12,0.015860020848222328,-0.0015313938674281365,0.0055149031900942735,0.018108640708065036,0.013764482495136345,0.01100834601032117,-0.005543251444762005,-0.005277057100843893,0.01341643161005622,-0.0014817312022314846
2018-02-14,0.007891769394080345,-0.02262960794893894,0.004512872183751449,0.004724483500821705,0.015453604240556425,-0.024658665954479853,-0.012492005458752639,-0.048790164169431945,0.004702075951571523,-0.018881001774679267
2018-02-15,-0.008002845536890542,0.029959004021620935,0.011100373789660053,0.00850835378417954,-0.003242600332432325,0.0016513844959247406,0.005985801636014505,-0.0396652563924314,0.013815480783849695,0.004813590101824574
2018-02-16,-0.016388607587268563,-0.023396480469527723,-0.036372806286292754,-0.00768179360487101,-0.005141399500418652,-0.000868809785319327,-0.0061734364991224335,0.008633147144702875,-0.0011174077306009386,0.0024578004828448847
2018-02-19,-0.025078489500426862,-0.004057433781105294,-0.00877110753550365,-0.000798997163361694,-0.0036147728490429055,-0.024371064987693154,-0.008858789439704617,0.002861232281032195,-0.0023986579022865734,-0.003227103617658367
2018-02-20,-0.003789494500425398,-0.007849333864454982,-0.006410432666632691,-0.0012686857016380915,0.00515997016910911,-0.003390136175802117,-0.003223668289001771,-0.014388737452099556,0.009877410239904972,0.00720819023265729
2018-02-21,-0.006062037682739438,0.006127758981156557,0.01655646522753457,0.00717716298078753,0.002570034825040338,-0.0622177131691708,0.0186288198334932,0.005780362915499549,0.0025332502464336074,0.03258988444716663
2018-02-22,0.007146216523547345,-0.002666459112619249,-0.01833763476262045,-0.00304606374298247,0.0015388564206307272,0.029424911491579334,-0.004109850731662878,-0.05023212548633336,-0.006504345926415605,0.0025933539360229476
2018-02-23,0.00747969712986757,0.013726623263717465,-0.005377590959348489,0.002717206518862241,0.007998000602589931,0.05077141106973624,0.007274115819513383,0.0030257209165371114,0.04314302953518781,0.00835786778373981
2018-02-26,0.03216513421737271,0.013235034680469864,0.017123289959030112,0.010388783123701822,-0.01159235620531667,-0.02434377499486639,-0.009335392666658612,-0.04321660149978238,0.01302456697640493,-0.014441511729928982
2018-02-27,-0.004585539378844411,-0.01509578882257042,-0.0011519932964115186,-0.007952328190494922,0.0005142710321620995,-0.020259607313955826,-0.0005629046025360575,-0.028801990903706078,-0.008765357617008786,0.0035067248092100407
2018-02-28,-0.015021458923006784,-0.028015681808473723,0.010371499978170178,-0.010969634515795407,0.0035925109204910976,-0.01749801623102349,-0.00508045123241884,-0.04992717395650715,-0.008996020110897479,-0.0024023442626280637
2018-03-01,-0.002240493086020713,-0.02685376503371239,0.011040324100052097,0.0030086832803982886,-0.001025115415245297,9.33924819730433e-05,-0.003969384287498969,-0.031198370855861395,-0.03380120866092321,0.0008727512801309357
2018-03-05,-0.011086164232220364,-0.005260574354158403,-0.007017483812942267,-0.013624907267948195,-0.005313235569232277,0.0242643021772478,-0.014306395651237858,-0.05055227916283121,-0.006197874428967082,0.02218677981460937
2018-03-06,-0.013389774753280093,-0.027742420885129068,-0.002176726250479544,-0.003806969103519088,-0.013843446548307308,-0.031104979183153306,-0.01451404288425407,-0.03390155167568134,0.003342089527608973,-0.020509285794070065
2018-03-07,-0.015785461480423254,-0.028708460613853654,0.0014432010298962123,-0.011877528865268895,-0.005591487571654393,-0.013060946598539782,0.013168277036620197,0.015209418663528708,-0.01908791612817418,-0.005057463108908498
2018-03-08,0.01609708504168609,0.03512740157254516,0.006651002070105264,0.020784345994445702,-0.000525808442576306,-0.019722607634162923,-0.004048198299534062,-0.03846628082779605,0.016383276821353796,-0.007792591742767781
2018-03-09,0.005205310280990867,-0.014415580764029079,0.009052485048049546,0.010974995090234892,-0.0005260850625499267,-0.015273451400659785,0.001544103761726248,0.04598511324182344,-0.0017539668053947665,0.009986750882903137
2018-03-12,0.015035564247082727,0.026798603787737577,0.012546194961268405,0.021460576376506203,0.019627204087239274,0.01147690266911618,0.040999413688933194,0.04754094476900019,0.017559574803134522,0.005931420141853205
2018-03-13,-0.005587889616427185,0.012231557454355986,0.018628662813866232,0.005608419257220078,0.020092622139001662,0.020561562262061833,-0.0024094164190643637,,0.0004703300235639416,-0.05569763809810794
2018-03-14,0.0003837298588913137,0.00557013235714535,-9.359401005155937e-05,-0.012819307298004871,-0.00931499664517225,-0.00613381259913517,-0.0052093141059588646,,0.0050031373906080775,3.463983234668477e-05
2018-03-15,-0.006273232418673889,-0.015144322361664329,-0.0052518098820338805,-0.008000695792067108,-0.0015325673497782273,-0.00704262232638431,-0.009370383405138584,,-0.006728763358077837,-0.005975767357123961
2018-03-16,-0.020122344835409943,-0.01117516425138871,-0.021714750434747725,-0.02131852979437162,0.007977637149615002,-0.026288909714582795,-0.019200285674986613,,-0.011210348710395895,-0.015451373176459808
2018-03-19,0.008042886206947994,-0.011980232716329507,-0.024372986976465564,-0.00947874395454377,-0.024299621351553672,-0.01079255004598718,-0.005195816557706152,,-0.0198851965988653,0.0018738846150186171
2018-03-20,0.01084326902500456,-0.008694965699414657,0.034341247889231714,0.014295749189687405,0.017003415233417994,0.022059718064732257,0.0001929198424040349,,0.013833259032039701,0.011885986645373577
2018-03-21,0.01217910822338464,-0.009635311983672143,-0.013475221339003099,0.009840041806367465,0.005604158337111177,-0.008388896963141133,-0.0005788712173222345,,-0.005124931140255351,-0.002831377730450062
2018-03-22,-0.01005535030573135,-0.020788590376493853,0.0017728554303452322,-0.004576288518038433,-0.02330069437457329,0.007700699521635256,-0.0028993931590025014,,0.004325889947122661,-0.008930985330918408
2018-03-23,-0.022113492009834743,-0.027560799578871358,-0.0048063089380253185,-0.011086064388647714,-0.01326140530580762,-0.0118719241613101,-0.008944255622232333,,-0.03679998441160596,-0.004672988413308727
2018-03-26,0.023000273245052633,0.021896065011478467,-0.0008266219339011446,0.02240579951353308,-0.03813224900902058,0.0015910902322419035,0.008169662245005795,,0.006942176641028607,-0.00040815240622337737
2018-03-27,0.007792895346739529,0.007956898138202545,0.019577104689854227,-0.0038321564429390875,0.000182465104055152,0.0037687240877762825,0.0030947800329234965,,0.007875348332106449,0.010839162028502304
2018-03-28,0.002558767078068839,-0.01974274884940856,-0.001811723877617766,0.001342925861297152,0.025577763246085097,-0.019996667106629555,-0.013219477113732756,,-0.01780756042337839,0.0005090532597180956
2018-04-02,0.018928725042788478,-0.06110749390402012,-0.002961453875773345,0.006796526919858993,0.029784962804422475,0.025426366018132772,0.01070569835598872,,0.008778524283045422,0.02101209485324835
2018-04-03,-0.004163000367834103,0.030835306313403293,-0.01061689558545695,-0.0067417519082053875,-0.020051234063707693,0.0042245973328613245,0.0009675859487358161,,0.019595662945050198,0.0005497431807094797
2018-04-04,-0.026081316923199965,-0.005197709864069746,0.03317871099661754,-0.012345155406238593,-0.008134439195038022,-0.015312722023327606,0.0003867723892733139,,-0.006326568267122667,-0.0001202304991872117
2018-04-05,0.024877947343566933,0.03654709684071491,0.025371592276244,0.011660252019329034,0.01637793058456193,0.010497224535396256,0.004052103952570608,,0.020137611626831246,0.016034149115469562
2018-04-06,-0.009261600592848786,0.007151827372662945,0.004082262814399641,0.0024907976583105145,-0.008067388545007935,0.009900585699530687,0.004610959178073887,,0.0025485837305465565,-0.002589600736290595
2018-04-09,0.008584068290045573,0.000712377590233597,0.00022145830382974623,0.004201113743623531,0.0038664371541493876,-0.0034198088925381023,0.01879861681074327,,-0.002229655327269092,-0.008988518520099497
2018-04-10,0.016431768618499418,0.0279136880402293,0.005563952805894886,-0.010508552726814956,0.0033272073422617584,-0.005102552528976732,0.00338028490882347,,0.004454350349380153,0.004674579867728377
2018-04-11,0.002109041908063331,-0.014825421969538217,0.023511914032698776,-0.0028099966146912653,-0.001049501583125238,0.025639940058765888,-0.0058287276048295976,,0.011677582597657535,0.02572494527239372
2018-04-12,0.003468382194392837,0.007701770960347033,-0.00011569802177434886,0.009144772567034503,0.004017121811152903,-0.010700444316617833,-0.012142057728910229,,-0.018206788052580206,0.04066605117050823
2018-04-13,-0.0019171926382672328,0.0052174031396883605,0.021648459545203586,0.0062948990447389535,0.025130410262584644,-0.005637103079834681,-0.004591551973346907,,0.004622627184340965,0.00446560562834519
2018-04-16,0.009732168847098073,-0.0022575333022766754,-0.0017158206827958486,0.01608743820553335,-0.014553805382855113,0.012398454057878403,0.014090103631107003,,0.008551120989250217,0.010834444685560805
2018-04-17,-0.006269153302555915,0.014326645319773677,-0.008717004633949659,0.010239042685703222,-0.017924433600318184,-0.014056748346104455,0.011841130742084694,,0.0039342249187327314,-0.006625511115645501
2018-04-18,0.00040446381519520467,-0.005843949254592008,-0.004965964180629452,-0.006370462697227515,0.027365753409938274,-0.00029292584303580136,0.02854968745441719,,0.015738540679971998,-0.0023712801790649472
2018-04-19,0.018141913182731173,-0.0015526614005119698,0.0014969081533306647,-0.010197205868153831,-0.0006836438481950791,-0.005483758356256353,0.007237230792753017,,0.017015816389000415,0.010094176492942477
2018-04-20,-0.01450908163661219,-0.026061816096412345,0.007364435878809736,-0.013269258818126482,0.01896754577690092,-0.00768855438538853,-0.00415500552605193,,-0.0039597980465010275,0.06411440695928698
2018-04-23,-0.003706358254728975,-0.009794397592287698,-0.0026842892066766435,-0.00180081904055181,-0.0023513615133327827,0.017557216235203565,-0.0025376123822225317,,-0.013674638838565574,0.00182055812202336
2018-04-24,0.013148472843506141,0.016681842037281017,0.0023005719774802586,0.015554183080332292,-0.035601911598231194,0.006879538784370531,0.0018132371241807218,,-0.006830203516924399,-0.006770406916646346
2018-04-25,-0.011018390140136523,-0.018472994226699183,-0.012597991244743516,-0.0054191906797568705,0.0006967427559339001,-0.007268530328709717,-0.006907862408409835,,0.01053619911124197,0.024680725909343372
2018-04-26,-0.011586417945405087,-0.00017929179788043895,0.014793945253455372,0.0005135204642638836,-0.02040528143101742,-0.0028247230587566926,0.015026986846914097,,-0.013656326447485528,0.019688202819387927
2018-04-27,0.022423369275282486,0.03193919478256736,0.012550220854017836,0.0017817617153693742,-0.018655249532091602,0.022282088968610777,0.004124456667207103,,0.02194493875056602,-0.02497555153308193
2018-04-30,0.016663153438723675,-0.012934981955129866,-0.013082325017946674,0.01578839325366224,0.009371126427132061,0.008075669749588553,0.007310365087174234,,-0.0007645844855996101,0.02295330615231408
2018-05-02,0.0016048219417610424,-0.02602178548608414,-0.021596717582506204,0.014418321130103818,-0.011546222445084091,-0.025298397858026216,0.020398104818829508,,-0.059076944456116276,-0.00920105753890417
2018-05-03,-0.018267975380484653,0.01789596794315067,-0.021320114540852603,0.006313119342383024,-0.014991139977784358,0.03957898628065794,-0.007863736460214576,,0.00437212258274812,-0.0051277756451214825
2018-05-04,-0.0065903495461240745,0.003364323669097924,-0.022679472169792377,-0.00644397685182779,-0.005726440327501209,-0.03425544856669081,-0.0279303044028369,,-0.019414917685817493,-0.00031597392041822833
2018-05-07,0.014830665067167107,0.024274308097417232,0.018939019072257163,0.004361402037590495,0.01781007325977196,-0.00823927503088886,0.018234327163957793,,-0.004458027691985481,-0.017329497528070233
2018-05-08,-0.01761088342223788,0.06512064980444182,0.021936657194135557,-0.008032381853020226,-0.007305968570550494,-0.0043896085702059134,0.0015930616697732165,,-0.004477990731882695,0.005901957485868348
2018-05-09,0.007845180810913174,-0.008115610197922823,-0.0036679345796470004,-0.0029992129822448746,-0.00920816819386259,-0.010416760858255715,-0.0014159294401009201,,-0.0023298396293632956,0.0138808952659098
2018-05-10,-0.009825306865844924,0.00016295934200497884,0.010887012162589131,-0.0017669013945551765,0.000739781798118282,-0.01784070840820466,-0.007645161248150242,,-0.016462659720004068,-0.010964658768738676
2018-05-11,0.018330452143983062,0.013273098714792167,0.007330922535051992,0.013371636795203482,0.008101683054634674,-0.05190744745803048,0.01241590976128266,,0.01212136053234482,0.001650213165085362
2018-05-14,-0.004080680237828632,-0.002737301443494876,-0.012311081741992087,0.005609821485078135,-0.0011009175423868822,0.0037003795461595127,0.0040460957652445634,,-0.00402415029972538,-0.006791986054865614
2018-05-15,-0.0054790681163967405,-0.005983684061949634,0.009061873949095115,-0.0005440203235088113,-0.004969182949982608,-0.010929070532190317,-0.010412165010236655,0.028848154337658343,-0.0006722689328822677,0.014126999883503867
2018-05-16,-0.008660593863236603,-0.036337606473562496,-0.006754342498620289,-0.007804207035187409,0.013560772221527207,0.006486969097721252,0.014092183182396379,-0.05855330875157425,0.0030216574946481797,0.0032968795540675765
2018-05-17,-0.004708834069571866,-0.0042140812468308775,-0.0022845773193859455,-0.02082061674014562,0.01319972152828866,0.017130364773420715,-0.024434643418443057,0.04423325497682566,0.0031796529173795844,-0.0006012282414813188
2018-05-18,-0.030247486544279722,-0.0340180542679957,-0.013527293047440185,-0.011856044030312984,-0.03453975135469796,-0.03165122636709774,0.0119377809679063,-0.009661910911736859,-0.005025136202673043,0.0029311487488824094
2018-05-21,-0.0017498482858166312,0.01112281192602472,-0.021953498567100205,-0.01840910328908818,-0.015175935284283161,-0.046560987906913424,0.00017710085940212398,-0.009756174945364798,-0.02792621456361067,0.015498695231719952
2018-05-22,0.005240385653859507,0.003450659048494746,0.016733190373101208,-0.005069998736400206,0.0003775009482352374,0.0206307846934084,-0.012832113344517308,-0.014815085785140474,-0.003806232968900504,-0.013544608501761585
2018-05-23,0.005100028054460304,0.006010149455734177,-0.018122057055230827,-0.014665018708173804,-0.005677532283476262,-0.001657001207629458,-0.019196532981546853,0.04855322541699074,-0.01484354503989821,-0.003940610467637932
2018-05-24,0.008367935655344282,0.01916124753541216,0.004187931417295527,0.012507997877920191,0.003410386026164569,0.02316790323781591,0.005106704513887674,-0.02884815433765839,-0.003171808826529272,0.030599107858133155
2018-05-25,0.0029477083338919434,-0.0069099457548918285,0.0230439952349229,0.00752930456874949,0.0009452689993960141,0.00774780589374969,-0.009321094626955483,0.014528100562909808,0.02544134429971178,-0.004979494258683106
2018-05-28,0.02534668238113135,0.012103022171243627,0.015744451156704375,0.005370905958989644,-0.004925185178591659,0.06885708494318919,0.010957012468847699,-0.014528100562909856,-0.002239256813733064,-0.023633089861770543
2018-05-29,0.0030104663566166987,-0.031743308510472794,-0.005623165660749572,-0.010881320784106112,-0.0011400343244991986,-0.00040032026155112724,-0.004550840656436174,0.009708814126960903,-0.0022442823403601196,0.006106302467520803
2018-05-30,-0.01088768151682887,-0.01739779442374719,-0.012347016551223644,-0.010526266806440417,-0.00820850270936273,-0.009959339902758468,-0.007876219853700536,-0.004842624475787903,0.019002540464423765,-0.002671366826765734
2018-05-31,0.0034721622573640185,0.0031540239919044563,0.021155820585155617,0.02329152147289454,0.004017222045264324,-0.02913325333010217,-0.000919878640893003,-0.019608471388376424,0.005074435787334003,-0.7022950674575701
2018-06-01,0.0014583639743844256,0.012171946486322279,-0.030073462452265286,0.006118721924706588,-0.0049760868229213025,0.008292781016646392,-0.00627771633323609,0.0,-0.01735918335393691,-0.004951787864001656
2018-06-04,-0.010658465520183201,-0.008853455972609421,-0.016578602182977624,-0.006036892212292406,-0.0017282769544323946,-0.011942610398120931,-0.0038971933894770636,-0.009950330853168092,-0.01766585602479915,0.006788072200606336
2018-06-05,-0.01790804284814829,-0.009284467149337769,-0.004821383072932131,0.008284601443991988,-0.019014930691537448,-0.010713262848140009,-0.005219996938757662,-0.05129329438755058,-0.005255793458020366,-0.013070572851880678
2018-06-06,0.012517393256055354,-0.0007042253812168707,0.024091484423260215,0.00542240696255819,0.015549390064861723,0.03394730916451844,0.010782777832747696,-0.04852704089466032,0.043985788236823906,0.0024076476161196216
2018-06-07,0.0034002324218787225,0.024357502022230495,-0.007939815417907201,0.005660721496893246,0.020426404571218616,-0.002248110491075836,0.002400961537538268,-0.022347298691996774,0.0,0.00566262744442143
2018-06-08,-0.008299110283780303,-0.009151406351987473,-0.006733622851916894,-0.015393421536337899,-0.0022701485345391855,0.07771854519659048,-0.01168952915578421,-0.0462510176507557,-0.004717784656129448,0.006632904452392256
2018-06-11,-0.0005209884011859414,-0.0064387240626778905,0.0055414907814638915,-0.0005434930430802212,0.0015140048312150113,0.014004646390748655,0.005026539485935053,-0.048494349938610265,0.0200642076069652,0.0014870741701752568
2018-06-12,0.017087493425374724,0.003485538558434033,-0.015915995885644223,0.00447500848496254,0.007723500765260009,0.008827822975297262,0.003707140482819805,-0.05096644359202763,0.005612428070007941,0.017730659639087532
2018-06-13,-0.005614384598886256,0.011588817753849234,0.008190031629602579,-0.00836961407497804,0.00878099990620332,0.010766149539459872,-0.008920334192348204,-0.04683129968409909,-0.007766708462363187,0.023911710403207085
2018-06-14,-0.011659241912181649,-0.020852189071482258,0.0029871871639813477,0.0007910421710621224,-0.008968669982760488,0.023428324968567078,-0.0022425724218148287,0.04683129968409899,0.0001658787430195553,-0.020240747487944025
2018-06-15,-0.009802166104119974,-0.007933051740795878,0.0012535856131000271,-0.00081833065123189,0.0018751177442443815,0.021317865360177872,-0.010343298606800585,0.04473589384139152,0.009409891967510832,0.02894677794194588
2018-06-18,-0.0050507061496906525,0.036494058430571685,0.01881009854268629,-0.004759569136046903,-0.004318039188421051,-0.0021026816928805215,0.00018901805178663845,0.04879016416943205,-0.02125619718368895,-0.006023375756004941
2018-06-19,-0.009720611170621814,-0.0006828269299107778,-0.006179603737445225,0.002437322344182639,-0.018035609899363852,-0.017964290008833622,0.005653991692237543,0.04652001563489291,-0.0067363003130726015,-0.002463392514363382
2018-06-20,-0.002789295505773856,0.0013651879253397685,-0.004831408303104283,0.010340228185144709,-0.0049932886539906475,0.007384046717227917,-0.008682576252102066,0.04445176257083359,-0.0030462030663441003,-0.0011242272122808802
2018-06-21,-0.013055971016754228,0.01607071718049139,-0.012844975376620596,0.006422213713858543,-0.0040513222191786895,-0.01716473395550878,-0.01105615532187439,0.047754431295900034,-0.01571607338917889,-0.0017024552412222543
2018-06-22,0.007761705600649513,0.009021110292589675,-0.009707148043154158,0.025415307131249454,-0.0015476884497760714,0.04020864144418307,0.01635017411473717,-0.04775443129589999,-0.004659599422155794,-0.005262952505966338
2018-06-25,-0.0246897276462695,-0.03710089271027296,0.010220187233952115,-0.006814829494948246,-0.0029083878959570812,-0.009486168346393419,-0.00966374171444302,-0.05014978368547144,-0.001731302371509605,0.005207986310162891
2018-06-26,0.0014971242257388962,-0.005538262684821848,-0.013836796620513998,0.011575995816524076,0.0003882741264077312,0.0020091729842459088,0.008342862194157188,-0.04679216150675894,-0.03688761991705627,0.017841807978928762
2018-06-27,-0.02980882365216037,-0.031916664856040264,-0.023120040816876956,-0.005758123062771733,-0.00603525632163931,0.006870488390386308,-0.007771814305792636,-0.04908961019652351,-0.017044836950070134,0.0032345041676590976
2018-06-28,0.0017830373083093057,-0.027797229833673925,0.001890932190590397,-0.014195884534943847,0.004092376363284567,-0.016780676930322314,-0.008600148563638884,0.024845998586530804,-0.004766278500648453,-0.008268753032968585
2018-06-29,0.031994123476951415,0.014630838893785714,0.005784357365626698,0.015900601768087812,0.01696916923313377,-0.005834012834462543,0.021645044767589505,-0.0375043954584544,0.008781615160384618,0.0027367953241809796
2018-07-02,-0.01513234857094563,0.00723592158617684,-0.014188807223003166,-0.005781578177796337,-0.0034476188142327953,-0.001508229004353399,-0.011903777784194918,-0.00638979809877101,0.01912380128179556,0.0019464200138222768
2018-07-03,-0.0035494264467216593,-0.0163550801664384,-0.0038619727686421204,-0.009214214735949947,0.004976086822921195,0.018386266791705057,0.009082370852864254,0.03154835773492606,-0.00879481573013723,0.012186761660098305
2018-07-04,0.006371984920836062,0.0012816993423553093,0.00564662259947701,0.02251423275724936,0.00019089434056265964,0.009888188817167742,-0.003963391052149277,-0.0251585596361551,0.009509356668006074,-0.004224379310307008
2018-07-05,-0.004017587297020391,-0.0062408425757936445,-0.012472099809668196,0.004437474033012676,0.008174173448857843,-0.02154936168472947,0.03017550612576762,-0.012820688429061434,-0.021296599860509448,0.007553853532819206
2018-07-06,0.009402032960918297,-0.005539157441954105,-0.009428271223450484,-0.007380682689989835,-0.00493453269263112,-0.015732958623461003,0.0005503072687717046,0.0,-0.0076909370127429015,0.01721521457958975
2018-07-09,0.0169913652077362,0.004249429027340352,0.00022439864875876034,-0.0062536999781695485,0.008147842328315606,0.018990720694643064,0.0063979744796596365,0.006430890330290331,0.028808949498905036,-0.015780303483866092
2018-07-10,-0.002643241840606835,0.008079368223608602,0.023480420306172128,0.019572029191621383,0.021100586797916702,-0.008563283403105169,0.009611099461628712,0.0,0.008536420323943564,-0.004204258341479556
2018-07-11,-0.007697304888426932,-0.0171543448479765,-0.004552749695115819,-0.007466480890923626,0.005527930052513011,-0.0056904216856082605,-0.004703337179746824,-0.012903404835907841,-0.03166301560901079,0.0543843470469801
2018-07-12,0.01942185732855998,0.013122820237841448,-0.0058818618587837684,0.017786014246683277,0.0266537399265064,0.006576632307238371,0.00524460918213624,-0.006514681021193642,0.004377172773895722,-0.004327751139368463
2018-07-13,-0.0010392010634436002,-0.016850690351855765,-0.016792981686030176,0.0049806974279958775,0.004997333262734741,-0.008361550228691854,-0.02483692314693924,-0.006557400546159164,0.0007276696700928416,0.004933658756996504
2018-07-16,-0.011853712299409002,-0.032260862218221435,-0.0038159615904597827,0.00943569833335305,0.007979473139412243,-0.047188053861309885,0.004428051515732225,-0.04714677842570196,-0.023552146602355262,0.004080301860302537
2018-07-17,0.002918346786111341,0.027393761633154472,-0.00991616465774174,-0.000954654010450661,0.0028218713610715356,0.02715851381925378,-0.006464146619889238,-0.04225980928988261,0.0035312739975835203,0.006489055302764295
2018-07-18,0.004110125987695146,-0.014173912051297075,0.0025323569313300356,0.010078234725370885,0.0031651160588952424,0.002275728076960938,-0.004829132713183542,-0.036634133179780384,-0.0005567412225089489,-0.0009494304131144278
2018-07-19,-0.02670485131769399,-0.005726299289218157,-0.008925731542999077,-0.010530757547784986,0.0035050859579463527,-0.009042396178448259,0.017532976582553903,-0.04580953603129422,-0.0016720858517239182,-0.00946850719130337
2018-07-20,0.009689806678632487,0.0174577488768691,0.0024968201204317504,-0.007344344956258364,-0.009845367852529414,0.02742129188046592,0.002558013454047863,-0.039845908547199674,-0.01366678578072642,0.0076420683633949445
2018-07-23,0.00690334179078222,0.03602495405009935,-0.0009117549508982324,-0.003552672044320835,-0.02341692485929563,0.002941571849651996,0.03637416135506023,-0.033060862260888176,0.009194173032214275,0.004522463826459439
2018-07-24,0.034461662670453835,-0.004364436824259908,0.024647980077618283,0.00441356235930229,-0.012741344556175418,0.0016897153737949141,0.005265017427340947,0.016667052485211643,0.018138568736125505,-0.0033211422283841515
2018-07-25,-0.002495558447194856,0.0010928962836448258,-0.014894948757136518,0.012725249675922085,0.00639096487346159,-0.008118882978492182,0.0017488636846396904,0.04839654086185024,0.03336949526515187,-0.008792921869910353
2018-07-26,-0.011231153785469176,0.03926972538184206,0.035189247602428,0.011207174516627411,-0.012085845700459489,-0.004939168588042062,0.00366268831895781,-0.007905179507113261,-0.03520536873838341,-0.008514571738372128
2018-07-27,0.004202650030720141,0.026087684842024998,0.023791648107290744,0.011718164378507468,0.011357513548816535,0.0029664276326262775,0.052067715894261485,-0.032260862218221435,0.006410865440529642,-0.010720464964573302
2018-07-30,-0.01235246640753151,0.04713219334052223,-0.012219297218788516,-0.009077589321496608,-0.004930166107858721,0.01009162393390782,-0.004970189157873595,0.0,0.004008751724093345,0.0004372034480124768
2018-07-31,0.005351003086179379,-0.010137431485381918,-0.02823577632737057,-0.016850980301519082,0.011827997051788174,0.010254686751357413,-0.011190095888726168,0.0,0.01837889570201761,-0.002265239848373429
2018-08-01,-0.003307313709622227,-0.016403317008983297,-0.01814477905344785,-0.012459177561932934,0.0034311546077289844,0.010759846624176872,0.013015368112070446,-0.01652930195121047,-0.00842676434308749,0.018536543209557086
2018-08-02,-0.012091295968692078,-0.0025089918656518184,-0.01245326827245794,-0.01957982644496076,0.006289894041033045,0.0099563611952651,-0.007989390033478976,0.008298802814695064,0.011101277838902314,-0.014319080804352602
2018-08-03,0.005908896060374528,0.021374353614410077,0.0012917803249531947,0.02330356512142072,-0.003949026851639521,0.009346263104131902,0.015750968094409314,0.008230499136515444,0.005327663107787569,0.01581050539102258
2018-08-06,0.00034877637974904365,0.03257827215581737,0.0015471972172098176,0.0009098261848804761,-0.0034231183772783415,-0.016695740654141197,-0.007098667860982945,-0.01652930195121047,0.010570922960010573,-0.001972187744169686
2018-08-07,0.00375133380074336,-0.00620773979180725,0.01781721055957952,-0.0003537229375672686,0.001442741458551441,-0.011258136973673494,-0.002322110846060351,0.0,0.0015760444554657142,-0.004159381075843426
2018-08-08,0.0022748751882181255,0.01756791245186887,0.002525551674711438,0.0030278585910189014,0.0037773225954285546,0.007519489833216443,-0.0004982974939084319,-0.016807118316381174,0.0010493180396177549,0.003374481490029648
2018-08-09,-0.010491975686864297,0.043892268557153176,-0.005611305629255671,-0.007409220780862433,0.0007178751205637172,-0.0044524059759594,0.005137139477116426,-0.017094433359300183,0.002269752174786355,0.00017728924787155855
2018-08-10,-0.015729824000769606,-0.013301284377276023,0.05526026861220236,0.0022057434309043786,0.0005380683476603034,-0.031012303596323208,0.007574546341595004,0.0,0.0008716116650474676,0.009451985327393447
2018-08-13,0.003473185004621014,-0.011323762928113204,-0.02059500396244512,-0.013924178757983387,0.010701011692021294,0.01771224406585266,0.003765866096058351,-0.03509131981127017,-0.00104602519997987,0.00353096216103118
2018-08-14,-0.012528411897802669,0.022972030173409444,0.020410489549535234,-0.0028288562004777137,0.011289588950006894,0.06504823338280841,0.006353365021905062,-0.027150989065950745,-0.005246601751843874,0.0016984293615009075
2018-08-16,-0.017385443320705258,0.0055493205775891,-0.006522943320498447,-0.026249321959942923,-0.01984121776188384,0.02931032577211717,-0.0014625825309759661,-0.04695698308777098,-0.03243334887249409,0.0024675677081128686
2018-08-17,0.006877606202103329,0.01690682418415403,-0.011442163941490203,-0.002938959182829319,0.002144772940134167,0.00611327515202931,0.020284018046514925,-0.039220713153281385,0.004698237771189959,0.0021137713807531746
2018-08-20,0.0651985056947143,-0.004569246655590509,-0.0032835669274053217,0.018078638320465742,0.017696444821749667,0.0045605551701097535,-0.0014352924878475665,0.04879016416943205,0.010401815451025647,-0.0013921000582626459
2018-08-21,-0.0008691545185794963,0.0011811606275055212,0.008013174095837801,-0.0034955949404582667,0.013589059286196067,0.014345401545214806,-0.0012775472833097008,0.04652001563489291,0.014699635976816429,0.0038236217008728157
2018-08-23,0.02206026796645792,-0.00488130545442172,0.005428918638289014,-0.003691441889026349,0.0027648194560741003,0.006666429927628112,-0.00288046286535403,0.0,0.006309169193264756,0.008611489895802397
2018-08-24,-0.006790504580473912,-0.02112912948712011,0.0035706454160981914,0.006666081385439904,0.00824888678058481,-0.015518843096119702,-0.005141399500418764,-0.04652001563489282,0.021089804994849776,0.0038743580991193126
2018-08-27,0.009781478506769857,0.029104360061489996,0.0038806067866586445,0.0030177707025089264,0.012585200122257289,-0.01278381104227081,0.009618541612856734,-0.048790164169432056,0.023999799868327665,0.003859405362065127
2018-08-28,-0.0003687723610033496,-0.002946378089064635,-0.010548138036423925,0.015618874210982214,-0.0008453800486563945,-0.0009654063501213312,-0.0055995666670608495,-0.05129329438755058,-0.005022612266291332,0.00888333794967273
2018-08-29,-0.0029920787702788078,0.005150478606671489,-0.01720557261691918,0.0005624584696014281,0.003882844415730582,8.048613630631278e-05,0.003683245416296589,-0.043017385083690816,0.0018445548954223192,0.0013522652500137541
2018-08-30,-0.00370631609181018,0.010803024771030118,-0.02102929393775683,-0.01136142182054884,0.007386301837136001,0.0296564708909623,0.02228812722499072,0.032435275753153955,-0.00520703284494477,0.005006750300981954
2018-08-31,0.01693645284092764,-0.005094996100687724,0.01644249691504449,0.0009302085888184281,0.007664149477951304,0.01995734555224686,0.0,0.031416196233378914,0.008885966760219874,-0.0019227077640205606
2018-09-03,-0.004794066015202082,-0.024973591932940516,0.029015690683578323,0.004560981945180611,0.023295016632637118,0.005118226672953782,-0.021010171779498748,-0.04211148535012673,-0.0028416233078698617,-0.012344939289773376
2018-09-04,-0.002718291355330457,-0.017053156032413915,-0.0027264999414095313,0.005128742394086052,0.01608527523318262,-0.0012961764614466856,-0.011560822401075858,-0.043963123421116176,-0.020633236636040116,0.02215997032500865
2018-09-05,-0.008347848868949884,0.003494647634643362,0.008565229629961181,-0.008941018403715145,0.017399996090596073,0.012736128490593968,0.002097282369144507,-0.04598511324182338,0.03294415571935384,-0.00940614620277353
2018-09-06,-0.0006678787677301162,-0.0030381308497234513,-0.0072833860977820075,0.009631387778735859,0.0073432093113259475,0.02035636782752279,0.0017711944087758366,-0.04820210181787775,-0.005471289450589655,-0.0019015302211821512
2018-09-07,0.00029689007863010743,0.019435640033679542,-0.005630478132143456,-0.018653069749193327,0.010837697036193594,-0.01960335574374836,-0.0011267606825906176,-0.025001302205417155,-0.00918586834938383,0.0021900541826941977
2018-09-10,-0.007972325501968348,-0.0065868501622856485,-0.0020643840139092586,-0.019166891918744714,0.0009235032209371943,-0.04032030129513296,-0.012641983602204764,-0.02564243061333767,-0.00859386871372089,0.0004326299158956115
2018-09-11,-0.005362948592235939,-0.01925906823231305,-0.01952519710003957,-0.008263188077224514,-0.0032359994337712574,-0.011983744801120596,-0.030975561365092937,-0.03974032864951411,-0.02432459773026182,-0.016719555940859842
2018-09-12,0.01685412206258842,-0.011240398584436729,0.026111768371960647,0.0052057727985890005,0.014708400596008048,0.030463966356633822,0.03179075664949712,0.026668247082161273,-0.00730946519297236,-0.0011246395004755926
2018-09-14,0.004868882031870101,0.01673743487275233,0.019642891894435674,0.025058827812135247,0.004400947994053246,0.023344404957495443,0.0011401581168352835,0.03871451218069043,0.04458085999020387,0.010439702052434493
