date,q
2010-09-30,202.35
2010-10-01,206.4
2010-10-04,210.21
2010-10-05,208.67
2010-10-06,208.94
2010-10-07,206.84
2010-10-08,204.76
2010-10-11,205.93
2010-10-12,207.04
2010-10-13,210.67
2010-10-14,207.22
2010-10-15,204.48
2010-10-18,202.94
2010-10-19,203.55
2010-10-20,202.53
2010-10-21,205.38
2010-10-22,205.79
2010-10-25,207.65
2010-10-26,205.66
2010-10-27,201.23
2010-10-28,198.01
2010-10-29,211.46
2010-11-01,224
2010-11-02,223.88
2010-11-03,225.21
2010-11-04,230.19
2010-11-08,228.24
2010-11-09,230.76
2010-11-10,228.22
2010-11-11,224.93
2010-11-12,218.26
2010-11-15,222.4
2010-11-16,218.6
2010-11-18,211.71
2010-11-19,208.85
2010-11-22,214.55
2010-11-23,210.35
2010-11-24,204.56
2010-11-25,202.96
2010-11-26,204.39
2010-11-29,209.87
2010-11-30,207.65
2010-12-01,212.26
2010-12-02,216.57
2010-12-03,214.81
2010-12-06,209.31
2010-12-07,201.91
2010-12-08,200.8
2010-12-09,192.42
2010-12-10,203.11
2010-12-13,203.71
2010-12-14,203.54
2010-12-15,196.13
2010-12-16,201.04
2010-12-20,200.01
2010-12-21,206.97
2010-12-22,205.77
2010-12-23,205.39
2010-12-24,203.3
2010-12-27,204.65
2010-12-28,202.15
2010-12-29,205.35
2010-12-30,206.7
2010-12-31,208.2
2011-01-03,208.15
2011-01-04,200.74
2011-01-05,194.43
2011-01-06,191.54
2011-01-07,190.76
2011-01-10,184.36
2011-01-11,185.99
2011-01-12,194.45
2011-01-13,186.54
2011-01-14,183.49
2011-01-17,182.03
2011-01-18,183.9
2011-01-19,186.04
2011-01-20,191.01
2011-01-21,193.74
2011-01-24,197.07
2011-01-25,188.71
2011-01-27,184.43
2011-01-28,185.17
2011-01-31,185.74
2011-02-01,180.87
2011-02-02,183.89
2011-02-03,186.73
2011-02-04,181.09
2011-02-07,177.96
2011-02-08,173.01
2011-02-09,174.01
2011-02-10,174.52
2011-02-11,181.92
2011-02-14,188.04
2011-02-15,191.67
2011-02-16,191.02
2011-02-17,192.18
2011-02-18,186.58
2011-02-21,188.66
2011-02-22,186.74
2011-02-23,182.93
2011-02-24,172.97
2011-02-25,179.32
2011-02-28,176.52
2011-03-01,186.58
2011-03-03,185.37
2011-03-04,184.79
2011-03-07,183.66
2011-03-08,185.56
2011-03-09,188.23
2011-03-10,184.46
2011-03-11,183.07
2011-03-14,185.29
2011-03-15,181.2
2011-03-16,186.81
2011-03-17,183.97
2011-03-18,182.28
2011-03-21,182.47
2011-03-22,182.57
2011-03-23,189.26
2011-03-24,191.47
2011-03-25,198.38
2011-03-28,200.15
2011-03-29,199.91
2011-03-30,201.65
2011-03-31,202.95
2011-04-01,200.53
2011-04-04,203.49
2011-04-05,202.04
2011-04-06,200.09
2011-04-07,200.73
2011-04-08,199.69
2011-04-11,200.11
2011-04-13,204.88
2011-04-15,200.31
2011-04-18,197.11
2011-04-19,198.19
2011-04-20,202.24
2011-04-21,203.36
2011-04-25,202.3
2011-04-26,203.9
2011-04-27,201.24
2011-04-28,203.18
2011-04-29,202.63
2011-05-02,199.69
2011-05-03,194.15
2011-05-04,192.3
2011-05-05,187.27
2011-05-06,197.05
2011-05-09,196.91
2011-05-10,195.67
2011-05-11,195.76
2011-05-12,191.3
2011-05-13,195.1
2011-05-16,192.32
2011-05-17,189.04
2011-05-18,187.68
2011-05-19,187.29
2011-05-20,189.67
2011-05-23,183.07
2011-05-24,185.24
2011-05-25,183.41
2011-05-26,186.59
2011-05-27,194.21
2011-05-30,195.95
2011-05-31,197.47
2011-06-01,197.22
2011-06-02,190.71
2011-06-03,190.44
2011-06-06,192.37
2011-06-07,192.03
2011-06-08,190.74
2011-06-09,190.54
2011-06-10,188.35
2011-06-13,189.02
2011-06-14,191.92
2011-06-15,187.48
2011-06-16,187
2011-06-17,187.67
2011-06-20,186.34
2011-06-21,184.36
2011-06-22,185.26
2011-06-23,187.31
2011-06-24,193.47
2011-06-27,196.26
2011-06-28,196.96
2011-06-29,197.68
2011-06-30,199.03
2011-07-01,199.06
2011-07-04,199.96
2011-07-05,199.51
2011-07-06,195.54
2011-07-07,198.15
2011-07-08,192.76
2011-07-11,191.64
2011-07-12,190.3
2011-07-13,191.64
2011-07-14,194.37
2011-07-15,192.85
2011-07-18,190.47
2011-07-19,193.05
2011-07-20,190.06
2011-07-21,189.27
2011-07-22,194.19
2011-07-25,195.43
2011-07-26,189.01
2011-07-27,186.35
2011-07-28,184.99
2011-07-29,188.5
2011-08-01,190.06
2011-08-02,185.76
2011-08-03,182.17
2011-08-04,180.57
2011-08-05,175.73
2011-08-08,172.89
2011-08-09,170.94
2011-08-10,175.22
2011-08-11,171.37
2011-08-12,170.9
2011-08-16,170.11
2011-08-17,165.42
2011-08-18,157.05
2011-08-19,151.3
2011-08-22,154.73
2011-08-23,154.94
2011-08-24,153.13
2011-08-25,151.61
2011-08-26,149.14
2011-08-29,156.01
2011-08-30,158.77
2011-09-02,161.3
2011-09-05,160.58
2011-09-06,161.68
2011-09-07,163.15
2011-09-08,167.08
2011-09-09,163.05
2011-09-12,156.79
2011-09-13,154.98
2011-09-14,157.1
2011-09-15,159.31
2011-09-16,160.71
2011-09-19,156.27
2011-09-20,160.43
2011-09-21,163.85
2011-09-22,156.79
2011-09-23,153.41
2011-09-26,156.01
2011-09-27,161.1
2011-09-28,157.96
2011-09-29,161.95
2011-09-30,159.16
2011-10-03,152.56
2011-10-04,145.63
2011-10-05,141.68
2011-10-07,149.9
2011-10-10,153.21
2011-10-11,151.36
2011-10-12,156.31
2011-10-13,159.97
2011-10-14,161.89
2011-10-17,163.43
2011-10-18,159.36
2011-10-19,164.39
2011-10-20,159.65
2011-10-21,158.28
2011-10-24,157.9
2011-10-25,159.71
2011-10-28,169.7
2011-10-31,169.3
2011-11-01,162.73
2011-11-02,160.91
2011-11-03,159.65
2011-11-04,160.78
2011-11-08,160.24
2011-11-09,156.76
2011-11-11,149.27
2011-11-14,149.27
2011-11-15,143.61
2011-11-16,143.43
2011-11-17,141.49
2011-11-18,140.02
2011-11-21,133.02
2011-11-22,135.54
2011-11-23,132.13
2011-11-24,132.74
2011-11-25,130.58
2011-11-28,136.34
2011-11-29,133.45
2011-11-30,129.54
2011-12-01,138.57
2011-12-02,143.22
2011-12-05,141.74
2011-12-07,139.61
2011-12-08,135.33
2011-12-09,132.94
2011-12-12,128.56
2011-12-13,128.45
2011-12-14,128.07
2011-12-15,127.02
2011-12-16,122.91
2011-12-19,119.49
2011-12-20,118.8
2011-12-21,127.7
2011-12-22,132.39
2011-12-23,131.23
2011-12-26,132.65
2011-12-27,132.02
2011-12-28,126.79
2011-12-29,124.72
2011-12-30,124.48
2012-01-02,126.64
2012-01-03,131.96
2012-01-04,135.11
2012-01-05,136.02
2012-01-06,136.67
2012-01-07,null
2012-01-09,135.96
2012-01-10,140.82
2012-01-11,141.85
2012-01-12,142.07
2012-01-13,143.54
2012-01-16,143.93
2012-01-17,142.83
2012-01-18,139.94
2012-01-19,144.95
2012-01-20,153.17
2012-01-23,155.77
2012-01-24,161.46
2012-01-25,160.01
2012-01-27,161.45
2012-01-30,154.95
2012-01-31,164.03
2012-02-01,161.8
2012-02-02,164.06
2012-02-03,166.6
2012-02-06,168.74
2012-02-07,170.5
2012-02-08,167.35
2012-02-09,170.87
2012-02-10,169.17
2012-02-13,169.94
2012-02-14,171.58
2012-02-15,178.39
2012-02-16,176.15
2012-02-17,178.47
2012-02-21,180.24
2012-02-22,174.13
2012-02-23,171.63
2012-02-24,169.39
2012-02-27,161.35
2012-02-28,165.6
2012-02-29,164.78
2012-03-01,160.64
2012-03-02,164.13
2012-03-03,null
2012-03-05,158.24
2012-03-06,155.14
2012-03-07,156.39
2012-03-09,166.22
2012-03-12,168.9
2012-03-13,169.06
2012-03-14,173.44
2012-03-15,169.13
2012-03-16,166.85
2012-03-19,165.07
2012-03-20,165.2
2012-03-21,169.83
2012-03-22,163.57
2012-03-23,165.55
2012-03-26,158.64
2012-03-27,159.62
2012-03-28,156.24
2012-03-29,155.59
2012-03-30,161.85
2012-04-02,161.9
2012-04-03,165.13
2012-04-04,161.86
2012-04-09,157.65
2012-04-10,157.05
2012-04-11,157.22
2012-04-12,159.88
2012-04-13,157.27
2012-04-16,158.84
2012-04-17,160.99
2012-04-18,160.23
2012-04-19,159.61
2012-04-20,156.55
2012-04-23,153.44
2012-04-24,154.15
2012-04-25,152.44
2012-04-26,152.99
2012-04-27,156.52
2012-04-30,160.43
2012-05-02,160.37
2012-05-03,155.92
2012-05-04,151.52
2012-05-07,154.23
2012-05-08,150.94
2012-05-09,149.45
2012-05-10,148.03
2012-05-11,147.85
2012-05-14,145.58
2012-05-15,148.52
2012-05-16,144.44
2012-05-17,143.17
2012-05-18,146.4
2012-05-21,147.47
2012-05-22,145.6
2012-05-23,144.24
2012-05-24,149.2
2012-05-25,148.11
2012-05-28,151.71
2012-05-29,152.49
2012-05-30,148.59
2012-05-31,142.41
2012-06-01,142.13
2012-06-04,143.43
2012-06-05,144.01
2012-06-06,146.98
2012-06-07,150.92
2012-06-08,150.76
2012-06-11,150.32
2012-06-12,152.55
2012-06-13,154.43
2012-06-14,148.88
2012-06-15,153.76
2012-06-18,148.46
2012-06-19,150.33
2012-06-20,151.46
2012-06-21,154.48
2012-06-22,154.85
2012-06-25,153.98
2012-06-26,153.47
2012-06-27,155
2012-06-28,155.81
2012-06-29,163.54
2012-07-02,162.62
2012-07-03,163.93
2012-07-04,164.15
2012-07-05,167.43
2012-07-06,170.02
2012-07-09,169.09
2012-07-10,171.44
2012-07-11,170.28
2012-07-12,168.7
2012-07-13,168.37
2012-07-16,167.29
2012-07-17,167.8
2012-07-18,170.76
2012-07-19,172.88
2012-07-20,170.03
2012-07-23,166
2012-07-24,166.61
2012-07-25,166.9
2012-07-26,164.86
2012-07-27,168.77
2012-07-30,175.36
2012-07-31,174.8
2012-08-01,174.47
2012-08-02,174.35
2012-08-03,170.9
2012-08-06,173.46
2012-08-07,177.15
2012-08-08,174.23
2012-08-09,173.21
2012-08-10,173.59
2012-08-13,172.54
2012-08-14,176.33
2012-08-16,173.89
2012-08-17,174.94
2012-08-21,177.31
2012-08-22,177.06
2012-08-23,177.06
2012-08-24,173.52
2012-08-27,170.04
2012-08-28,167.7
2012-08-29,166.62
2012-08-30,167.26
2012-08-31,164.03
2012-09-03,164.15
2012-09-04,165.94
2012-09-05,159.94
2012-09-06,162.99
2012-09-07,170.52
2012-09-08,null
2012-09-10,169.87
2012-09-11,171.96
2012-09-12,172.56
2012-09-13,174.45
2012-09-14,183.27
2012-09-17,192.85
2012-09-18,190.74
2012-09-20,185.92
2012-09-21,193.73
2012-09-24,194.72
2012-09-25,193.98
2012-09-26,193.73
2012-09-27,191.88
2012-09-28,192.51
2012-10-01,191.03
2012-10-03,191.46
2012-10-04,196.98
2012-10-05,193.95
2012-10-08,191.31
2012-10-09,193.48
2012-10-10,191.67
2012-10-11,192.35
2012-10-12,189.96
2012-10-15,191.53
2012-10-16,189.68
2012-10-17,190.83
2012-10-18,193.63
2012-10-19,192.24
2012-10-22,195.56
2012-10-23,196.26
2012-10-25,197.66
2012-10-29,194.26
2012-10-30,190.03
2012-10-31,190.95
2012-11-01,192.24
2012-11-02,196.3
2012-11-05,195.94
2012-11-06,196.49
2012-11-07,198.72
2012-11-08,195.64
2012-11-09,192.58
2012-11-11,null
2012-11-12,192.44
2012-11-15,191.76
2012-11-16,186.78
2012-11-19,185.66
2012-11-20,186.2
2012-11-21,189.9
2012-11-22,187.74
2012-11-23,186.38
2012-11-26,185.15
2012-11-27,188.02
2012-11-29,196.68
2012-11-30,199.97
2012-12-03,200.42
2012-12-04,203.52
2012-12-05,203.6
2012-12-06,206.49
2012-12-07,205.76
2012-12-10,203.9
2012-12-11,204.12
2012-12-12,202.4
2012-12-13,203.86
2012-12-14,206.55
2012-12-17,208.02
2012-12-18,208.9
2012-12-19,207.04
2012-12-20,207.21
2012-12-21,204.35
2012-12-24,203.91
2012-12-26,208.85
2012-12-27,206.63
2012-12-28,207.55
2012-12-31,206.96
2013-01-01,210.63
2013-01-02,213.46
2013-01-03,213.1
2013-01-04,214.98
2013-01-07,214.94
2013-01-08,214.46
2013-01-09,214.63
2013-01-10,214.46
2013-01-11,211.55
2013-01-14,215.48
2013-01-15,218.97
2013-01-16,214.52
2013-01-17,211.36
2013-01-18,213.85
2013-01-21,214.1
2013-01-22,212.76
2013-01-23,214.73
2013-01-24,211.73
2013-01-25,213.26
2013-01-28,216.41
2013-01-29,218.4
2013-01-30,220.49
2013-01-31,216.57
2013-02-01,212.94
2013-02-04,214.86
2013-02-05,212.01
2013-02-06,210.04
2013-02-07,208.15
2013-02-08,205.48
2013-02-11,204.13
2013-02-12,205.24
2013-02-13,207.74
2013-02-14,204.76
2013-02-15,203.97
2013-02-18,204
2013-02-19,205.71
2013-02-20,203.92
2013-02-21,196.29
2013-02-22,198.65
2013-02-25,198.89
2013-02-26,193.46
2013-02-27,196.94
2013-02-28,189.16
2013-03-01,192.06
2013-03-04,192.48
2013-03-05,198.84
2013-03-06,201.52
2013-03-07,203.12
2013-03-08,207.15
2013-03-11,205.81
2013-03-12,204.2
2013-03-13,197.4
2013-03-14,201.94
2013-03-15,194.09
2013-03-18,191.16
2013-03-19,187.74
2013-03-20,182.1
2013-03-21,188.24
2013-03-22,186.97
2013-03-25,184.11
2013-03-26,185.62
2013-03-28,190.04
2013-04-01,191.19
2013-04-02,190.35
2013-04-03,187.53
2013-04-04,183.42
2013-04-05,181.48
2013-04-08,179.84
2013-04-09,180.01
2013-04-10,182.6
2013-04-11,189.13
2013-04-12,190.06
2013-04-15,190.38
2013-04-16,196.16
2013-04-17,199.57
2013-04-18,204.12
2013-04-22,208.81
2013-04-23,211.15
2013-04-25,214.06
2013-04-26,208.09
2013-04-29,209.67
2013-04-30,211.57
2013-05-02,213.04
2013-05-03,205.45
2013-05-06,207.76
2013-05-07,211.63
2013-05-08,210.54
2013-05-09,209.57
2013-05-10,211.88
2013-05-13,208.87
2013-05-14,208.63
2013-05-15,216.59
2013-05-16,219.54
2013-05-17,223.72
2013-05-20,219.96
2013-05-21,220.18
2013-05-22,220.02
2013-05-23,213.15
2013-05-24,218.94
2013-05-27,221.71
2013-05-28,223.99
2013-05-29,220.89
2013-05-30,215.05
2013-05-31,209.9
2013-06-03,208.21
2013-06-04,206.95
2013-06-05,206.26
2013-06-06,209.93
2013-06-07,207.58
2013-06-10,203.24
2013-06-11,195.73
2013-06-12,196.59
2013-06-13,194.34
2013-06-14,200.39
2013-06-17,200.26
2013-06-18,198.35
2013-06-19,197.58
2013-06-20,190.21
2013-06-21,189.97
2013-06-24,190.76
2013-06-25,187.79
2013-06-26,186.57
2013-06-27,187.37
2013-06-28,194.68
2013-07-01,194.16
2013-07-02,196.2
2013-07-03,193.46
2013-07-04,193.4
2013-07-05,191.19
2013-07-08,186.9
2013-07-09,188.06
2013-07-10,188.83
2013-07-11,192.35
2013-07-12,192.8
2013-07-15,192.92
2013-07-16,182.45
2013-07-17,178.23
2013-07-18,178.99
2013-07-19,174.42
2013-07-22,177.17
2013-07-23,179.94
2013-07-24,173.05
2013-07-25,169.97
2013-07-26,169.37
2013-07-29,168.84
2013-07-30,168.37
2013-07-31,165.28
2013-08-01,166.22
2013-08-02,161.29
2013-08-05,164.08
2013-08-06,157.52
2013-08-07,157.86
2013-08-08,159.1
2013-08-12,157.65
2013-08-13,162.28
2013-08-14,164.72
2013-08-16,156.11
2013-08-19,148.24
2013-08-20,150.98
2013-08-21,150.83
2013-08-22,151.11
2013-08-23,155.1
2013-08-26,150.99
2013-08-27,145.93
2013-08-28,144.79
2013-08-29,146.76
2013-08-30,146.14
2013-09-02,150.29
2013-09-03,142.46
2013-09-04,148.68
2013-09-05,162.49
2013-09-06,174.26
2013-09-10,176.29
2013-09-11,176.32
2013-09-12,172.95
2013-09-13,171.26
2013-09-16,176.35
2013-09-17,174.99
2013-09-18,176.93
2013-09-19,188.41
2013-09-20,179.5
2013-09-23,171.51
2013-09-24,171.79
2013-09-25,170.04
2013-09-26,172.02
2013-09-27,167.87
2013-09-30,160.66
2013-10-01,165.59
2013-10-03,170.52
2013-10-04,169.2
2013-10-07,166.58
2013-10-08,170.38
2013-10-09,172.8
2013-10-10,172.37
2013-10-11,181.28
2013-10-14,181.3
2013-10-15,177.19
2013-10-17,175.44
2013-10-18,183.43
2013-10-21,183.68
2013-10-22,183.66
2013-10-23,186.5
2013-10-24,185.62
2013-10-25,185.85
2013-10-28,184.54
2013-10-29,195.39
2013-10-30,199.82
2013-10-31,203.81
2013-11-01,206.08
2013-11-05,199.27
2013-11-06,196.44
2013-11-07,191.17
2013-11-08,190.89
2013-11-11,188.58
2013-11-12,184.14
2013-11-13,184.53
2013-11-14,191.29
2013-11-18,195.21
2013-11-19,197.27
2013-11-20,190.76
2013-11-21,187.32
2013-11-22,185.55
2013-11-25,195.38
2013-11-26,189.77
2013-11-27,189.57
2013-11-28,188.74
2013-11-29,194.3
2013-12-02,197.87
2013-12-03,197.35
2013-12-04,193.86
2013-12-05,206.52
2013-12-06,207.98
2013-12-09,218.49
2013-12-10,210.61
2013-12-11,210.61
2013-12-12,205.93
2013-12-13,197.27
2013-12-16,199.55
2013-12-17,199.69
2013-12-18,199.24
2013-12-19,193.36
2013-12-20,197.76
2013-12-23,199.65
2013-12-24,199.79
2013-12-26,199.94
2013-12-27,201.86
2013-12-30,199.4
2013-12-31,199.77
2014-01-01,199.58
2014-01-02,195.56
2014-01-03,193.96
2014-01-06,189.24
2014-01-07,190.91
2014-01-08,191.69
2014-01-09,191.06
2014-01-10,186.27
2014-01-13,191.8
2014-01-14,188.45
2014-01-15,192.43
2014-01-16,192.53
2014-01-17,188.1
2014-01-20,189.82
2014-01-21,196.01
2014-01-22,197.81
2014-01-23,196.26
2014-01-24,192.4
2014-01-27,183.6
2014-01-28,185.21
2014-01-29,182.07
2014-01-30,177.19
2014-01-31,179.58
2014-02-03,175.18
2014-02-04,176.12
2014-02-05,175.68
2014-02-06,174.19
2014-02-07,174.63
2014-02-10,174.65
2014-02-11,176.15
2014-02-12,181.67
2014-02-13,178.84
2014-02-14,179.72
2014-02-17,183.48
2014-02-18,188.69
2014-02-19,187.44
2014-02-20,183.24
2014-02-21,186.42
2014-02-24,188.4
2014-02-25,187.47
2014-02-26,188.45
2014-02-28,189.79
2014-03-03,187.24
2014-03-04,194.38
2014-03-05,199.89
2014-03-06,206.17
2014-03-07,218.53
2014-03-10,217.02
2014-03-11,217.85
2014-03-12,220.3
2014-03-13,221.82
2014-03-14,220.91
2014-03-18,219
2014-03-19,219.99
2014-03-20,218.32
2014-03-21,218.1
2014-03-22,null
2014-03-24,225.85
2014-03-25,227.74
2014-03-26,228.46
2014-03-27,228.91
2014-03-28,228.95
2014-03-31,226.37
2014-04-01,222.54
2014-04-02,226.01
2014-04-03,224.32
2014-04-04,223.72
2014-04-07,219.85
2014-04-09,229.05
2014-04-10,226.79
2014-04-11,224.74
2014-04-15,221.72
2014-04-16,222.28
2014-04-17,229.61
2014-04-21,233.09
2014-04-22,234.53
2014-04-23,236.28
2014-04-24,236.28
2014-04-25,231
2014-04-28,231.91
2014-04-29,229.6
2014-04-30,226.07
2014-05-02,227.71
2014-05-05,227.72
2014-05-06,231.93
2014-05-07,231.03
2014-05-08,234.36
2014-05-09,250.65
2014-05-12,254.31
2014-05-13,254.69
2014-05-14,256.26
2014-05-15,253.65
2014-05-16,266.42
2014-05-19,266.98
2014-05-20,263.62
2014-05-21,261.92
2014-05-22,263.91
2014-05-23,265.6
2014-05-26,264.46
2014-05-27,263.11
2014-05-28,264.76
2014-05-29,261.26
2014-05-30,257.83
2014-06-02,266.22
2014-06-03,265.15
2014-06-04,267.16
2014-06-05,266.03
2014-06-06,270.24
2014-06-09,271.31
2014-06-10,269.32
2014-06-11,267.26
2014-06-12,265.35
2014-06-13,259.7
2014-06-16,257.08
2014-06-17,263.55
2014-06-18,258.45
2014-06-19,256.68
2014-06-20,253.97
2014-06-23,257.13
2014-06-24,261.69
2014-06-25,258.27
2014-06-26,255.03
2014-06-27,251.76
2014-06-30,257.85
2014-07-01,261.46
2014-07-02,264
2014-07-03,264.37
2014-07-04,265.97
2014-07-07,263.88
2014-07-08,256.58
2014-07-09,255.1
2014-07-10,252.54
2014-07-11,246.65
2014-07-14,244.41
2014-07-15,253.56
2014-07-16,265.61
2014-07-17,263.74
2014-07-18,269.17
2014-07-21,269.56
2014-07-22,269.68
2014-07-23,273.82
2014-07-24,273.89
2014-07-25,268.3
2014-07-28,263.82
2014-07-30,270.63
2014-07-31,267.5
2014-08-01,268.3
2014-08-04,271.16
2014-08-05,270.28
2014-08-06,263.11
2014-08-07,262.7
2014-08-08,261.3
2014-08-11,261.98
2014-08-12,266.05
2014-08-13,264.04
2014-08-14,269.03
2014-08-18,278.31
2014-08-19,280.53
2014-08-20,280.5
2014-08-21,280.9
2014-08-22,279.92
2014-08-25,275.33
2014-08-26,274.19
2014-08-27,280.05
2014-08-28,283.05
2014-09-01,290.6
2014-09-02,289.29
2014-09-03,287.42
2014-09-04,285.76
2014-09-05,281.28
2014-09-08,285.05
2014-09-09,281.05
2014-09-10,285.47
2014-09-11,284.7
2014-09-12,284.44
2014-09-15,282.43
2014-09-16,277.41
2014-09-17,278.14
2014-09-18,284.55
2014-09-19,285.86
2014-09-22,287.06
2014-09-23,279.73
2014-09-24,275.71
2014-09-25,266.42
2014-09-26,268.72
2014-09-29,265.18
2014-09-30,260.64
2014-10-01,259.79
2014-10-07,259.94
2014-10-08,263.37
2014-10-09,270.62
2014-10-10,265.26
2014-10-13,268.71
2014-10-14,268.74
2014-10-15,268.74
2014-10-16,265.55
2014-10-17,273.67
2014-10-20,279.44
2014-10-21,287.65
2014-10-22,285.64
2014-10-27,286.01
2014-10-28,291.14
2014-10-29,291.97
2014-10-30,293.46
2014-10-31,295.76
2014-11-03,299.22
2014-11-05,303.88
2014-11-07,306.31
2014-11-10,303.09
2014-11-11,306.46
2014-11-12,310.54
2014-11-13,307.73
2014-11-14,307.69
2014-11-17,304.34
2014-11-18,305.67
2014-11-19,305.98
2014-11-20,306.9
2014-11-21,314.67
2014-11-24,322.42
2014-11-25,315.86
2014-11-26,310.98
2014-11-27,313.31
2014-11-28,318.98
2014-12-01,319.66
2014-12-02,321.91
2014-12-03,326.2
2014-12-04,329.27
2014-12-05,327.09
2014-12-08,321.64
2014-12-09,318.55
2014-12-10,320.05
2014-12-11,316.32
2014-12-12,314.82
2014-12-15,313.86
2014-12-16,300.64
2014-12-17,302.14
2014-12-18,314.32
2014-12-19,323.64
2014-12-22,326.55
2014-12-23,320.91
2014-12-24,321
2014-12-26,319.05
2014-12-29,317.41
2014-12-30,318.41
2014-12-31,321
2015-01-01,320.27
2015-01-02,329.36
2015-01-05,330.05
2015-01-06,316.05
2015-01-07,307.5
2015-01-08,315.86
2015-01-09,310.77
2015-01-12,315.05
2015-01-13,309.91
2015-01-14,306.27
2015-01-15,320.77
2015-01-16,321.68
2015-01-19,328
2015-01-20,334.32
2015-01-21,334.95
2015-01-22,336.18
2015-01-23,337
2015-01-27,348.64
2015-01-28,349.14
2015-01-29,345.73
2015-01-30,327.91
2015-02-02,319.86
2015-02-03,315.09
2015-02-04,313.32
2015-02-05,305.09
2015-02-06,299.41
2015-02-09,290.95
2015-02-10,300.95
2015-02-11,304.27
2015-02-12,308.32
2015-02-13,312.59
2015-02-16,307.32
2015-02-18,311.27
2015-02-19,307.77
2015-02-20,300.86
2015-02-23,299.09
2015-02-24,296.41
2015-02-25,293.18
2015-02-26,292.09
2015-02-27,304.77
2015-02-28,null
2015-03-02,317.32
2015-03-03,316.95
2015-03-04,317.59
2015-03-05,316.14
2015-03-09,302.55
2015-03-10,303.32
2015-03-11,302.41
2015-03-12,307.45
2015-03-13,300.18
2015-03-16,301.32
2015-03-17,304.41
2015-03-18,304.36
2015-03-19,300.18
2015-03-20,289.64
2015-03-23,285.27
2015-03-24,283.55
2015-03-25,288.09
2015-03-26,279.95
2015-03-27,285.95
2015-03-30,289.73
2015-03-31,286.82
2015-04-01,293.77
2015-04-06,292.05
2015-04-07,288.55
2015-04-08,286.45
2015-04-09,291.45
2015-04-10,289.36
2015-04-13,288.09
2015-04-15,286.36
2015-04-16,284.09
2015-04-17,281.91
2015-04-20,282.86
2015-04-21,282.59
2015-04-22,284.5
2015-04-23,283.5
2015-04-24,280.23
2015-04-27,274.82
2015-04-28,297.14
2015-04-29,300.14
2015-04-30,301.05
2015-05-04,299.36
2015-05-05,298.59
2015-05-06,283.77
2015-05-07,276.91
2015-05-08,288.18
2015-05-11,294.09
2015-05-12,280.18
2015-05-13,288.77
2015-05-14,286.32
2015-05-15,283.95
2015-05-18,287.5
2015-05-19,286.68
2015-05-20,289.77
2015-05-21,285.05
2015-05-22,285.09
2015-05-25,283.77
2015-05-26,281.55
2015-05-27,284.68
2015-05-28,285.91
2015-05-29,288.41
2015-06-01,287.68
2015-06-02,276.82
2015-06-03,268.86
2015-06-04,263.73
2015-06-05,258.27
2015-06-08,257.41
2015-06-09,261
2015-06-10,265.91
2015-06-11,262.27
2015-06-12,269.05
2015-06-15,272
2015-06-16,274.59
2015-06-17,273.95
2015-06-18,275.77
2015-06-19,276.86
2015-06-22,286.41
2015-06-23,285
2015-06-24,288.86
2015-06-25,286.18
2015-06-26,283.36
2015-06-29,282.91
2015-06-30,280
2015-07-01,283.82
2015-07-02,284.55
2015-07-03,285.95
2015-07-06,286.5
2015-07-07,284.18
2015-07-08,279.59
2015-07-09,281.36
2015-07-10,284.68
2015-07-13,287.64
2015-07-14,284.95
2015-07-15,286.05
2015-07-16,288.27
2015-07-17,288.59
2015-07-20,287.09
2015-07-21,283.14
2015-07-22,288
2015-07-23,284.45
2015-07-24,273.27
2015-07-27,264.64
2015-07-28,259.09
2015-07-29,262.95
2015-07-30,264.55
2015-07-31,274.91
2015-08-03,284.45
2015-08-04,285.5
2015-08-05,283.05
2015-08-06,282.77
2015-08-07,281.95
2015-08-10,281.45
2015-08-11,274.77
2015-08-12,265.14
2015-08-13,265.36
2015-08-14,275.09
2015-08-17,275.36
2015-08-18,273.73
2015-08-19,276.82
2015-08-20,271.14
2015-08-21,269.55
2015-08-24,245.41
2015-08-25,257.73
2015-08-26,252.77
2015-08-27,256.77
2015-08-28,257.91
2015-08-31,252.64
2015-09-01,246.32
2015-09-02,240.77
2015-09-03,242.59
2015-09-04,234.32
2015-09-07,226.46
2015-09-08,237.09
2015-09-09,240.5
2015-09-10,243.09
2015-09-11,243.23
2015-09-14,247.64
2015-09-15,244.09
2015-09-16,248.04
2015-09-18,252.59
2015-09-21,253.91
2015-09-22,245.96
2015-09-23,248.5
2015-09-24,243.91
2015-09-28,243.73
2015-09-29,244.54
2015-09-30,245.77
2015-10-01,242.82
2015-10-05,255.41
2015-10-06,257.05
2015-10-07,257.27
2015-10-08,253.14
2015-10-09,260.09
2015-10-12,261.45
2015-10-13,261.32
2015-10-14,257.18
2015-10-15,260.32
2015-10-16,263.14
2015-10-19,261.09
2015-10-20,260.18
2015-10-21,257
2015-10-23,260.23
2015-10-26,259.41
2015-10-27,257.91
2015-10-28,246.54
2015-10-29,246.77
2015-10-30,251.82
2015-11-02,254.14
2015-11-03,254.04
2015-11-04,248.5
2015-11-05,245.5
2015-11-06,242.82
2015-11-09,239.23
2015-11-10,238.91
2015-11-13,237.96
2015-11-16,242.96
2015-11-17,243.5
2015-11-18,236.77
2015-11-19,242.18
2015-11-20,240.86
2015-11-23,241.77
2015-11-24,239.41
2015-11-26,240
2015-11-27,245.5
2015-11-30,248.68
2015-12-01,249
2015-12-02,245.82
2015-12-03,241.64
2015-12-04,237.68
2015-12-07,239.14
2015-12-08,237.68
2015-12-09,235.86
2015-12-10,235.41
2015-12-11,226.64
2015-12-14,226.36
2015-12-15,224
2015-12-16,229.14
2015-12-17,230.14
2015-12-18,227.36
2015-12-21,234.73
2015-12-22,235.96
2015-12-23,238.04
2015-12-24,234.5
2015-12-28,240.04
2015-12-29,240.68
2015-12-30,238.5
2015-12-31,237.59
2016-01-01,239.09
2016-01-04,232.32
2016-01-05,233.36
2016-01-06,227.36
2016-01-07,224.32
2016-01-08,222.77
2016-01-11,217.68
2016-01-12,215.23
2016-01-13,217.73
2016-01-14,214.32
2016-01-15,204.04
2016-01-18,202.82
2016-01-19,207.96
2016-01-20,204
2016-01-21,205.73
2016-01-22,211.59
2016-01-25,214.59
2016-01-27,215.73
2016-01-28,212
2016-01-29,209.23
2016-02-01,197.46
2016-02-02,191.27
2016-02-03,185.5
2016-02-04,185.41
2016-02-05,190.36
2016-02-08,189.59
2016-02-09,190.36
2016-02-10,188.41
2016-02-11,181.14
2016-02-12,175.96
2016-02-15,185
2016-02-16,178.73
2016-02-17,173.41
2016-02-18,178.32
2016-02-19,180.73
2016-02-22,180.41
2016-02-23,174.54
2016-02-24,170
2016-02-25,166.36
2016-02-26,168
2016-02-29,172.77
2016-03-01,186.32
2016-03-02,200
2016-03-03,198.18
2016-03-04,200.46
2016-03-08,197.14
2016-03-09,196.68
2016-03-10,195.91
2016-03-11,194.41
2016-03-14,201.5
2016-03-15,201.23
2016-03-16,205.82
2016-03-17,207.04
2016-03-18,209.27
2016-03-21,213.5
2016-03-22,212.36
2016-03-23,212.91
2016-03-28,204.96
2016-03-29,203.09
2016-03-30,215.91
2016-03-31,215.14
2016-04-01,216.64
2016-04-04,217.04
2016-04-05,205.09
2016-04-06,202.32
2016-04-07,200.27
2016-04-08,201.14
2016-04-11,204.27
2016-04-12,207.96
2016-04-13,218.77
2016-04-18,215.59
2016-04-20,216.41
2016-04-21,230.04
2016-04-22,229.09
2016-04-25,229.96
2016-04-26,230.96
2016-04-27,222.36
2016-04-28,218.27
2016-04-29,215.41
2016-05-02,206.14
2016-05-03,201
2016-05-04,194.96
2016-05-05,195.14
2016-05-06,198.73
2016-05-09,204.82
2016-05-10,205
2016-05-11,203.59
2016-05-12,210.73
2016-05-13,205.91
2016-05-16,203.41
2016-05-17,205.41
2016-05-18,205.86
2016-05-19,205.04
2016-05-20,200.09
2016-05-23,201
2016-05-24,204.14
2016-05-25,213.64
2016-05-26,219.23
2016-05-27,221.04
2016-05-30,222.27
2016-05-31,222.41
2016-06-01,218.23
2016-06-02,219.41
2016-06-03,221.59
2016-06-06,221.36
2016-06-07,231
2016-06-08,234.23
2016-06-09,231.41
2016-06-10,229.64
2016-06-13,221.59
2016-06-14,222.68
2016-06-15,225.41
2016-06-16,217.32
2016-06-17,216.77
2016-06-20,216.46
2016-06-21,216.23
2016-06-22,217.27
2016-06-23,219
2016-06-24,209.96
2016-06-27,211.54
2016-06-28,211.96
2016-06-29,215.14
2016-06-30,218.68
2016-07-01,218.5
2016-07-04,225.59
2016-07-05,222.82
2016-07-07,222.59
2016-07-08,219.96
2016-07-11,227.14
2016-07-12,237.91
2016-07-13,237.41
2016-07-14,244.18
2016-07-15,241.59
2016-07-18,239.46
2016-07-19,244.68
2016-07-20,243.18
2016-07-21,238.09
2016-07-22,239.5
2016-07-25,244.23
2016-07-26,237.86
2016-07-27,246
2016-07-28,247.27
2016-07-29,239
2016-08-01,226.82
2016-08-02,223
2016-08-03,220.09
2016-08-04,218.5
2016-08-05,223.59
2016-08-08,222.96
2016-08-09,223.04
2016-08-10,217.59
2016-08-11,220.64
2016-08-12,223.59
2016-08-16,225.96
2016-08-17,225.09
2016-08-18,229.91
2016-08-19,230.82
2016-08-22,229.32
2016-08-23,227.46
2016-08-24,225.86
2016-08-25,224.5
2016-08-26,223
2016-08-29,227.73
2016-08-30,232.96
2016-08-31,234.54
2016-09-01,237.23
2016-09-02,237.54
2016-09-06,247.91
2016-09-07,252.86
2016-09-08,251.23
2016-09-09,249.18
2016-09-12,243.82
2016-09-14,246.77
2016-09-15,246
2016-09-16,243.04
2016-09-19,246.91
2016-09-20,247.36
2016-09-21,245.36
2016-09-22,250.46
2016-09-23,246.59
2016-09-26,238.68
2016-09-27,236.36
2016-09-28,237.04
2016-09-29,227.59
2016-09-30,229.23
2016-10-03,232.86
2016-10-04,234.73
2016-10-05,232.23
2016-10-06,228.41
2016-10-07,227.82
2016-10-10,227.36
2016-10-13,219.23
2016-10-14,219.77
2016-10-17,235.23
2016-10-18,245.77
2016-10-19,240.96
2016-10-20,252.36
2016-10-21,252.18
2016-10-24,258.68
2016-10-25,262.95
2016-10-26,253.09
2016-10-27,258.45
2016-10-28,251.68
2016-11-01,250.32
2016-11-02,247.18
2016-11-03,245.23
2016-11-04,245.27
2016-11-07,253.36
2016-11-08,257.45
2016-11-09,255.86
2016-11-10,266
2016-11-11,251.27
2016-11-15,245.23
2016-11-16,242
2016-11-17,243.32
2016-11-18,240.54
2016-11-21,237.46
2016-11-22,238.82
2016-11-23,240.86
2016-11-24,235.73
2016-11-25,236.46
2016-11-28,232.09
2016-11-29,232.23
2016-11-30,241.41
2016-12-01,235.59
2016-12-02,235.91
2016-12-05,237.14
2016-12-06,237.27
2016-12-07,235.18
2016-12-08,238.86
2016-12-09,244.04
2016-12-12,240.77
2016-12-13,240.36
2016-12-14,236.86
2016-12-15,236.64
2016-12-16,232.36
2016-12-19,233.73
2016-12-20,228.73
2016-12-21,230.23
2016-12-22,229.96
2016-12-23,228.96
2016-12-26,225.59
2016-12-27,230.5
2016-12-28,228.86
2016-12-29,228.27
2016-12-30,232.09
2017-01-02,229.04
2017-01-03,231.27
2017-01-04,228.27
2017-01-05,233.86
2017-01-06,234.68
2017-01-09,235.18
2017-01-10,236.54
2017-01-11,240.64
2017-01-12,243.96
2017-01-13,243.68
2017-01-16,244.82
2017-01-17,244
2017-01-18,244.04
2017-01-19,245.18
2017-01-20,239.5
2017-01-23,234.14
2017-01-24,233.77
2017-01-25,236.32
2017-01-27,247.27
2017-01-30,246.18
2017-01-31,244.5
2017-02-01,255.46
2017-02-02,259.82
2017-02-03,255.96
2017-02-06,263.91
2017-02-07,261.91
2017-02-08,259.82
2017-02-09,259.09
2017-02-10,256
2017-02-13,256.05
2017-02-14,258.77
2017-02-15,255.23
2017-02-16,253.46
2017-02-17,257.27
2017-02-20,256.68
2017-02-21,258.91
2017-02-22,260.14
2017-02-23,258.64
2017-02-27,253.5
2017-02-28,251.23
2017-03-01,253.73
2017-03-02,253.32
2017-03-03,250.86
2017-03-06,251.59
2017-03-07,250.91
2017-03-08,249.46
2017-03-09,248.64
2017-03-10,245.96
2017-03-14,261.14
2017-03-15,259.23
2017-03-16,258.64
2017-03-17,255.09
2017-03-20,250.04
2017-03-21,247.32
2017-03-22,240.91
2017-03-23,242.68
2017-03-24,249.77
2017-03-27,248.32
2017-03-28,251.82
2017-03-29,256.55
2017-03-30,255.77
2017-03-31,251.68
2017-04-03,260.64
2017-04-05,258.95
2017-04-06,255.32
2017-04-07,252.14
2017-04-10,252.41
2017-04-11,257.86
2017-04-12,255.27
2017-04-13,257.09
2017-04-17,256.73
2017-04-18,257.64
2017-04-19,255.04
2017-04-20,247.96
2017-04-21,244.68
2017-04-24,244.23
2017-04-25,247.73
2017-04-26,251.73
2017-04-27,249.23
2017-04-28,253.18
2017-05-02,250.54
2017-05-03,247.96
2017-05-04,270.73
2017-05-05,271.41
2017-05-08,275.41
2017-05-09,273.27
2017-05-10,271.5
2017-05-11,272.91
2017-05-12,269.59
2017-05-15,274.36
2017-05-16,275.14
2017-05-17,281.59
2017-05-18,279.95
2017-05-19,279.14
2017-05-22,276.23
2017-05-23,278.23
2017-05-24,278.82
2017-05-25,288.82
2017-05-26,292.32
2017-05-29,286.27
2017-05-30,292.18
2017-05-31,296.77
2017-06-01,291
2017-06-02,289.23
2017-06-05,290.68
2017-06-06,289.95
2017-06-07,295.18
2017-06-08,291.09
2017-06-09,292.86
2017-06-12,287.05
2017-06-13,286.23
2017-06-14,290.05
2017-06-15,287.95
2017-06-16,287.73
2017-06-19,291.45
2017-06-20,292.45
2017-06-21,291.1
2017-06-22,289.6
2017-06-23,291.85
2017-06-27,287.9
2017-06-28,290.35
2017-06-29,293.25
2017-06-30,290.15
2017-07-03,290.05
2017-07-04,289.5
2017-07-05,292.85
2017-07-06,293.75
2017-07-07,289.7
2017-07-10,291.45
2017-07-11,289.65
2017-07-12,292.35
2017-07-13,297.9
2017-07-14,298.25
2017-07-17,303.5
2017-07-18,303.9
2017-07-19,302.25
2017-07-20,300.6
2017-07-21,302.05
2017-07-24,303.05
2017-07-25,304.15
2017-07-26,310.35
2017-07-27,307.2
2017-07-28,296.15
2017-07-31,302.6
2017-08-01,302.6
2017-08-02,301.85
2017-08-03,295.7
2017-08-04,296.25
2017-08-07,300.15
2017-08-08,295.5
2017-08-09,290.6
2017-08-10,288.75
2017-08-11,286.95
2017-08-14,291.8
2017-08-16,294.95
2017-08-17,293.15
2017-08-18,293.15
2017-08-21,293.5
2017-08-22,293.95
2017-08-23,298.6
2017-08-24,297.7
2017-08-28,300.9
2017-08-29,299.5
2017-08-30,300.3
2017-08-31,298.05
2017-09-01,298.3
2017-09-04,297.1
2017-09-05,297.6
2017-09-06,295.35
2017-09-07,292.65
2017-09-08,292
2017-09-11,290.8
2017-09-12,291.2
2017-09-13,292
2017-09-14,293.7
2017-09-15,291.6
2017-09-18,293
2017-09-19,294.65
2017-09-20,290.55
2017-09-21,284.95
2017-09-22,277.1
2017-09-25,279.5
2017-09-26,282.75
2017-09-27,276.4
2017-09-28,275.95
2017-09-29,276.6
2017-10-03,278.4
2017-10-04,276.1
2017-10-05,271.8
2017-10-06,271.95
2017-10-09,271.75
2017-10-10,269.8
2017-10-11,267.6
2017-10-12,267.55
2017-10-13,271.3
2017-10-16,274.25
2017-10-17,273.9
2017-10-18,263.15
2017-10-19,257.85
2017-10-23,262.55
2017-10-24,266.55
2017-10-25,305.7
2017-10-26,299.25
2017-10-27,301.15
2017-10-30,300.55
2017-10-31,300.1
2017-11-01,313.4
2017-11-02,316.65
2017-11-03,315.9
2017-11-06,316.1
2017-11-07,312.45
2017-11-08,305.5
2017-11-09,311.3
2017-11-10,318.5
2017-11-13,314.25
2017-11-14,314.1
2017-11-15,315.5
2017-11-16,318.95
2017-11-17,325.1
2017-11-20,318.55
2017-11-21,319.9
2017-11-22,318.9
2017-11-23,319.45
2017-11-24,317.2
2017-11-27,317
2017-11-28,313.2
2017-11-29,314.85
2017-11-30,307.55
2017-12-01,305.25
2017-12-04,304.25
2017-12-05,305.25
2017-12-06,299.5
2017-12-07,305.8
2017-12-08,310.75
2017-12-11,311.45
2017-12-12,307.6
2017-12-13,302.95
2017-12-14,304.35
2017-12-15,303.15
2017-12-18,308.9
2017-12-19,313.7
2017-12-20,315.8
2017-12-21,315.45
2017-12-22,316.6
2017-12-26,318.15
2017-12-27,312.8
2017-12-28,315.3
2017-12-29,314
2018-01-01,310.3
2018-01-02,309.7
2018-01-03,315
2018-01-04,314.7
2018-01-05,312.9
2018-01-08,314.15
2018-01-09,312.6
2018-01-10,312
2018-01-11,309.5
2018-01-12,317.7
2018-01-15,329.3
2018-01-16,334.1
2018-01-17,343.25
2018-01-18,346.15
2018-01-19,353.6
2018-01-22,351.5
2018-01-23,362.3
2018-01-24,352.75
2018-01-25,360.8
2018-01-29,357.65
2018-01-30,353.25
2018-01-31,352.95
2018-02-01,346.2
2018-02-02,335.1
2018-02-05,329.7
2018-02-06,330.7
2018-02-07,332.55
2018-02-08,333.85
2018-02-09,326.75
2018-02-12,326.25
2018-02-14,318.95
2018-02-15,328.65
2018-02-16,321.05
2018-02-19,319.75
2018-02-20,317.25
2018-02-21,319.2
2018-02-22,318.35
2018-02-23,322.75
2018-02-26,327.05
2018-02-27,322.15
2018-02-28,313.25
2018-03-01,304.95
2018-03-05,303.35
2018-03-06,295.05
2018-03-07,286.7
2018-03-08,296.95
2018-03-09,292.7
2018-03-12,300.65
2018-03-13,304.35
2018-03-14,306.05
2018-03-15,301.45
2018-03-16,298.1
2018-03-19,294.55
2018-03-20,292
2018-03-21,289.2
2018-03-22,283.25
2018-03-23,275.55
2018-03-26,281.65
2018-03-27,283.9
2018-03-28,278.35
2018-04-02,261.85
2018-04-03,270.05
2018-04-04,268.65
2018-04-05,278.65
2018-04-06,280.65
2018-04-09,280.85
2018-04-10,288.8
2018-04-11,284.55
2018-04-12,286.75
2018-04-13,288.25
2018-04-16,287.6
2018-04-17,291.75
2018-04-18,290.05
2018-04-19,289.6
2018-04-20,282.15
2018-04-23,279.4
2018-04-24,284.1
2018-04-25,278.9
2018-04-26,278.85
2018-04-27,287.9
2018-04-30,284.2
2018-05-02,276.9
2018-05-03,281.9
2018-05-04,282.85
2018-05-07,289.8
2018-05-08,309.3
2018-05-09,306.8
2018-05-10,306.85
2018-05-11,310.95
2018-05-14,310.1
2018-05-15,308.25
2018-05-16,297.25
2018-05-17,296
2018-05-18,286.1
2018-05-21,289.3
2018-05-22,290.3
2018-05-23,292.05
2018-05-24,297.7
2018-05-25,295.65
2018-05-28,299.25
2018-05-29,289.9
2018-05-30,284.9
2018-05-31,285.8
2018-06-01,289.3
2018-06-04,286.75
2018-06-05,284.1
2018-06-06,283.9
2018-06-07,290.9
2018-06-08,288.25
2018-06-11,286.4
2018-06-12,287.4
2018-06-13,290.75
2018-06-14,284.75
2018-06-15,282.5
2018-06-18,293
2018-06-19,292.8
2018-06-20,293.2
2018-06-21,297.95
2018-06-22,300.65
2018-06-25,289.7
2018-06-26,288.1
2018-06-27,279.05
2018-06-28,271.4
2018-06-29,275.4
2018-07-02,277.4
2018-07-03,272.9
2018-07-04,273.25
2018-07-05,271.55
2018-07-06,270.05
2018-07-09,271.2
2018-07-10,273.4
2018-07-11,268.75
2018-07-12,272.3
2018-07-13,267.75
2018-07-16,259.25
2018-07-17,266.45
2018-07-18,262.7
2018-07-19,261.2
2018-07-20,265.8
2018-07-23,275.55
2018-07-24,274.35
2018-07-25,274.65
2018-07-26,285.65
2018-07-27,293.2
2018-07-30,307.35
2018-07-31,304.25
2018-08-01,299.3
2018-08-02,298.55
2018-08-03,305
2018-08-06,315.1
2018-08-07,313.15
2018-08-08,318.7
2018-08-09,333
2018-08-10,328.6
2018-08-13,324.9
2018-08-14,332.45
2018-08-16,334.3
2018-08-17,340
2018-08-20,338.45
2018-08-21,338.85
2018-08-23,337.2
2018-08-24,330.15
2018-08-27,339.9
2018-08-28,338.9
2018-08-29,340.65
2018-08-30,344.35
2018-08-31,342.6
2018-09-03,334.15
2018-09-04,328.5
2018-09-05,329.65
2018-09-06,328.65
2018-09-07,335.1
2018-09-10,332.9
2018-09-11,326.55
2018-09-12,322.9
2018-09-14,328.35
2018-09-17,325.7
2018-09-18,318.85
2018-09-19,320.95
2018-09-21,317.1
2018-09-24,308.75
2018-09-25,311.1
2018-09-26,313.1
2018-09-27,306.65
2018-09-28,305.55
2018-10-01,314
2018-10-03,303.7
2018-10-04,316.5
2018-10-05,307.3
2018-10-08,310.85
2018-10-09,306.25
2018-10-10,319.85
2018-10-11,311.7
2018-10-12,319.4
2018-10-15,313.35
2018-10-16,320.65
2018-10-17,314.8
2018-10-19,315.45
2018-10-22,327.1
2018-10-23,322.85
2018-10-24,322
2018-10-25,319.95
2018-10-26,315.65
2018-10-29,349.4
2018-10-30,345.7
2018-10-31,355
2018-11-01,353.7
2018-11-02,354.45
2018-11-05,349.65
2018-11-06,353.1
2018-11-07,355.9
2018-11-09,356.85
2018-11-12,352.35
2018-11-13,360.9
2018-11-14,366.6
2018-11-15,370
2018-11-16,367.55
2018-11-19,362.4
2018-11-20,357.9
2018-11-21,356.75
2018-11-22,352.05
2018-11-26,356.35
2018-11-27,354.65
2018-11-28,359
2018-11-29,362.2
2018-11-30,355.15
2018-12-03,355.5
2018-12-04,357.95
2018-12-05,351.4
2018-12-06,347.65
2018-12-07,352.2
2018-12-10,346.35
2018-12-11,342.8
2018-12-12,349.95
2018-12-13,349.55
2018-12-14,351.9
2018-12-17,358.45
2018-12-18,362.25
2018-12-19,366.5
2018-12-20,362.15
2018-12-21,354.2
2018-12-24,352.75
